,city,district,listed_date,listed_price,transaction_price,transaction_cycle,adjust_price,house_inspection,concerned_number,browse_number,house_type,covered_area,orientation,elevator,transaction_info,cell_name,floors,url
0,浦东,花木,2013-11-21,暂无数据,308,1034,1,0,0,暂无数据,1室1厅1厨1卫,37.67㎡,南,无,"单价81763元/平,2016-09-20成交",,低楼层(共6层),https://sh.lianjia.com/chengjiao/107010099772.html
1,浦东,花木,2013-10-27,暂无数据,655,971,1,0,0,暂无数据,3室2厅1厨2卫,113.86㎡,南,有,"单价57527元/平,2016-06-24成交",,中楼层(共8层),https://sh.lianjia.com/chengjiao/107010075826.html
2,浦东,花木,2012-01-07,暂无数据,840,1666,0,0,0,暂无数据,2室2厅1厨1卫,111.01㎡,南,有,"单价75669元/平,2016-07-29成交",,低楼层(共13层),https://sh.lianjia.com/chengjiao/107010085595.html
3,浦东,花木,2014-07-08,1100,965,1104,0,0,0,暂无数据,4室3厅1厨2卫,185.42㎡,南,无,"单价52045元/平,2017-07-16成交",,高楼层(共6层),https://sh.lianjia.com/chengjiao/107001497107.html
4,浦东,花木,2012-01-07,1600,1550,1922,0,0,0,暂无数据,3室2厅1厨2卫,179.52㎡,南,有,"单价86342元/平,2017-04-12成交",,中楼层(共35层),https://sh.lianjia.com/chengjiao/107000109999.html
5,浦东,花木,2012-01-07,暂无数据,498,321,0,0,0,暂无数据,3室2厅1厨2卫,129.85㎡,南,有,"单价38352元/平,2012-11-22成交",,低楼层(共18层),https://sh.lianjia.com/chengjiao/107010001558.html
6,浦东,花木,2012-09-14,暂无数据,430,98,0,0,0,暂无数据,3室2厅1厨1卫,122㎡,南,有,"单价35246元/平,2012-12-21成交",,中楼层(共18层),https://sh.lianjia.com/chengjiao/107010001271.html
7,浦东,花木,2012-01-07,暂无数据,460,203,0,0,0,暂无数据,3室2厅1厨2卫,144.9㎡,南,有,"单价31747元/平,2012-07-27成交",,高楼层(共18层),https://sh.lianjia.com/chengjiao/107010000991.html
8,浦东,花木,2012-01-07,暂无数据,529,350,1,0,0,暂无数据,3室2厅1厨2卫,138.11㎡,南,有,"单价38303元/平,2012-12-21成交",,高楼层(共11层),https://sh.lianjia.com/chengjiao/107010001102.html
9,浦东,花木,2012-01-07,700,545,515,0,0,0,暂无数据,3室2厅1厨2卫,143.19㎡,南,有,"单价38062元/平,2013-06-05成交",,低楼层(共11层),https://sh.lianjia.com/chengjiao/107010003331.html
10,浦东,花木,2012-01-07,1000,640,533,0,0,0,暂无数据,3室2厅1厨2卫,144.96㎡,南,有,"单价68985元/平,2015-10-08成交",,高楼层(共18层),https://sh.lianjia.com/chengjiao/107010003756.html
11,浦东,花木,2012-01-07,暂无数据,710,686,0,0,0,暂无数据,3室2厅1厨2卫,141.77㎡,南,有,"单价50082元/平,2013-11-23成交",,高楼层(共18层),https://sh.lianjia.com/chengjiao/107010005354.html
12,浦东,花木,2012-01-07,1020,950,622,1,0,0,暂无数据,6室3厅1厨5卫,146.5㎡,南,有,"单价64847元/平,2013-09-20成交",,低楼层(共7层),https://sh.lianjia.com/chengjiao/107010004463.html
13,浦东,花木,2013-09-29,550,532,108,1,0,0,暂无数据,3室2厅1厨2卫,131.68㎡,南,有,"单价40401元/平,2014-01-15成交",,高楼层(共16层),https://sh.lianjia.com/chengjiao/107010005678.html
14,浦东,花木,2012-01-07,650,650,802,0,0,0,暂无数据,3室2厅1厨2卫,145.02㎡,南,有,"单价44822元/平,2014-03-19成交",,高楼层(共18层),https://sh.lianjia.com/chengjiao/107010006597.html
15,浦东,花木,2013-10-23,300,293,18,0,0,0,暂无数据,3室1厅1厨1卫,81.87㎡,南,无,"单价35789元/平,2013-11-10成交",,中楼层(共6层),https://sh.lianjia.com/chengjiao/107010005113.html
16,浦东,花木,2013-05-27,550,300,237,1,0,0,暂无数据,0室0厅1厨0卫,82.73㎡,暂无数据,无,"单价66482元/平,2016-03-24成交",,低楼层(共6层),https://sh.lianjia.com/chengjiao/107010005900.html
17,浦东,花木,2013-11-28,暂无数据,285,331,0,0,0,暂无数据,3室1厅1厨1卫,82.31㎡,南,无,"单价34626元/平,2014-10-25成交",,低楼层(共6层),https://sh.lianjia.com/chengjiao/107010008773.html
18,浦东,花木,2013-11-28,300,267,233,0,0,0,暂无数据,3室2厅1厨1卫,80.64㎡,南,无,"单价33111元/平,2014-07-19成交",,高楼层(共6层),https://sh.lianjia.com/chengjiao/107010007262.html
19,浦东,花木,2013-11-21,暂无数据,308.8,590,1,0,0,暂无数据,2室2厅1厨1卫,73.34㎡,南,无,"单价42106元/平,2015-07-04成交",,中楼层(共6层),https://sh.lianjia.com/chengjiao/107010019416.html
20,浦东,花木,2013-12-13,暂无数据,298,402,1,0,0,暂无数据,3室1厅1厨1卫,82.24㎡,南,暂无数据,"单价36236元/平,2015-01-19成交",,低楼层(共12层),https://sh.lianjia.com/chengjiao/107010010594.html
21,浦东,花木,2013-11-28,680,320,584,0,0,0,暂无数据,3室1厅1厨1卫,81.87㎡,南,无,"单价39087元/平,2015-07-05成交",,高楼层(共6层),https://sh.lianjia.com/chengjiao/107010017146.html
22,浦东,花木,2013-11-29,暂无数据,179,186,1,0,0,暂无数据,2室2厅1厨1卫,76.05㎡,西北,有,"单价23538元/平,2014-06-03成交",,低楼层(共29层),https://sh.lianjia.com/chengjiao/107010007305.html
23,浦东,花木,2013-08-11,暂无数据,365,693,0,0,0,暂无数据,2室1厅1厨1卫,76.11㎡,南,无,"单价47957元/平,2015-07-05成交",,高楼层(共6层),https://sh.lianjia.com/chengjiao/107010013518.html
24,浦东,花木,2013-11-21,540,278,604,1,0,0,暂无数据,2室1厅1厨1卫,73.34㎡,暂无数据,无,"单价37906元/平,2015-07-18成交",,高楼层(共6层),https://sh.lianjia.com/chengjiao/107010018846.html
25,浦东,花木,2012-01-07,暂无数据,860,100,1,0,0,暂无数据,4室2厅1厨2卫,197㎡,暂无数据,有,"单价43655元/平,2012-04-15成交",,低楼层(共7层),https://sh.lianjia.com/chengjiao/107010000495.html
26,浦东,花木,2012-01-07,3800,2620,96,1,0,0,暂无数据,4室2厅1厨4卫,256.19㎡,北,无,"单价102268元/平,2012-04-11成交",,低楼层(共2层),https://sh.lianjia.com/chengjiao/107010000400.html
27,浦东,花木,2012-05-27,暂无数据,652.5,34,1,0,0,暂无数据,0室0厅1厨0卫,188.99㎡,暂无数据,有,"单价34526元/平,2012-06-30成交",,低楼层(共18层),https://sh.lianjia.com/chengjiao/107010000751.html
28,浦东,花木,2012-01-07,1150,670,207,0,0,0,暂无数据,3室2厅1厨2卫,191㎡,暂无数据,有,"单价35079元/平,2012-07-31成交",,低楼层(共18层),https://sh.lianjia.com/chengjiao/107010000884.html
29,浦东,花木,2012-01-07,暂无数据,570,97,1,0,0,暂无数据,4室2厅1厨2卫,166.35㎡,南,有,"单价34266元/平,2012-04-12成交",,中楼层(共18层),https://sh.lianjia.com/chengjiao/107010000552.html
30,浦东,花木,2012-01-07,暂无数据,815,286,0,0,0,暂无数据,1室0厅1厨0卫,189㎡,暂无数据,有,"单价43122元/平,2012-10-18成交",,高楼层(共35层),https://sh.lianjia.com/chengjiao/107010001364.html
31,浦东,花木,2014-03-19,暂无数据,315,495,0,0,0,暂无数据,2室1厅1厨1卫,80.96㎡,南,无,"单价38909元/平,2015-07-27成交",,低楼层(共6层),https://sh.lianjia.com/chengjiao/107010020853.html
32,浦东,花木,2012-01-07,1350,920,307,1,0,0,暂无数据,4室2厅1厨3卫,212.65㎡,南,有,"单价61134元/平,2015-12-31成交",,中楼层(共21层),https://sh.lianjia.com/chengjiao/107010000568.html
33,浦东,花木,2012-01-07,1200,920,320,1,0,0,暂无数据,4室2厅1厨2卫,212.65㎡,南,有,"单价43264元/平,2012-11-21成交",,中楼层(共21层),https://sh.lianjia.com/chengjiao/107010001422.html
34,浦东,花木,2013-01-02,暂无数据,182,66,0,0,0,暂无数据,2室1厅1厨1卫,62.03㎡,南,无,"单价29341元/平,2013-03-09成交",,中楼层(共6层),https://sh.lianjia.com/chengjiao/107010002383.html
35,浦东,花木,2012-10-17,580,150,61,1,0,0,暂无数据,2室1厅1厨1卫,62.03㎡,南,无,"单价24182元/平,2012-12-16成交",,高楼层(共6层),https://sh.lianjia.com/chengjiao/107010001555.html
36,浦东,花木,2013-11-02,220,230,13,1,0,0,暂无数据,2室2厅1厨1卫,63.24㎡,南,无,"单价36370元/平,2013-11-15成交",,低楼层(共6层),https://sh.lianjia.com/chengjiao/107010005205.html
37,浦东,花木,2012-09-27,650,636,539,0,0,0,暂无数据,3室2厅1厨2卫,131.47㎡,南,有,"单价48377元/平,2014-03-20成交",,高楼层(共12层),https://sh.lianjia.com/chengjiao/107010005889.html
38,浦东,花木,2012-01-07,677,638,813,1,0,0,暂无数据,3室2厅1厨2卫,145.02㎡,暂无数据,有,"单价43994元/平,2014-03-30成交",,低楼层(共18层),https://sh.lianjia.com/chengjiao/107010006652.html
39,浦东,花木,2012-01-07,暂无数据,690,812,1,0,0,暂无数据,3室2厅1厨2卫,144.31㎡,南,有,"单价47814元/平,2014-03-29成交",,高楼层(共18层),https://sh.lianjia.com/chengjiao/107010006211.html
40,浦东,花木,2013-11-28,暂无数据,165,159,1,0,0,暂无数据,1室1厅1厨1卫,47.68㎡,南,无,"单价34606元/平,2014-05-06成交",,中楼层(共6层),https://sh.lianjia.com/chengjiao/107010006841.html
41,浦东,花木,2012-01-07,暂无数据,700,866,1,0,0,暂无数据,3室2厅1厨2卫,138.21㎡,南,有,"单价50648元/平,2014-05-22成交",,中楼层(共11层),https://sh.lianjia.com/chengjiao/107010006905.html
42,浦东,花木,2012-01-07,580,540,1009,0,0,0,暂无数据,3室2厅1厨2卫,147.35㎡,南,有,"单价36648元/平,2014-10-12成交",,低楼层(共12层),https://sh.lianjia.com/chengjiao/107010008543.html
43,浦东,花木,2013-11-28,暂无数据,193,394,1,0,0,暂无数据,1室1厅1厨1卫,48.95㎡,南,无,"单价39428元/平,2014-12-27成交",,中楼层(共6层),https://sh.lianjia.com/chengjiao/107010009910.html
44,浦东,花木,2013-11-19,暂无数据,199,175,0,0,0,暂无数据,1室1厅1厨1卫,37.64㎡,南,无,"单价52870元/平,2014-05-13成交",,中楼层(共6层),https://sh.lianjia.com/chengjiao/107010007067.html
45,浦东,花木,2012-01-07,暂无数据,219,1224,0,0,0,暂无数据,1室1厅1厨1卫,47.68㎡,南,无,"单价45932元/平,2015-05-15成交",,高楼层(共6层),https://sh.lianjia.com/chengjiao/107010014351.html
46,浦东,花木,2013-05-11,275,275,825,1,0,0,暂无数据,1室1厅1厨1卫,46.71㎡,南,无,"单价58874元/平,2015-08-14成交",,高楼层(共6层),https://sh.lianjia.com/chengjiao/107010021881.html
47,浦东,花木,2013-11-28,暂无数据,285,696,1,0,0,暂无数据,1室1厅1厨1卫,46.71㎡,暂无数据,暂无数据,"单价61015元/平,2015-10-25成交",,低楼层(共6层),https://sh.lianjia.com/chengjiao/107010030521.html
48,浦东,花木,2015-08-27,320,180.8,73,1,0,0,暂无数据,1室1厅1厨1卫,38.46㎡,暂无数据,无,"单价47010元/平,2015-11-08成交",,中楼层(共6层),https://sh.lianjia.com/chengjiao/107010036488.html
49,浦东,花木,2013-11-21,185,177,694,0,0,0,暂无数据,1室1厅1厨1卫,37.74㎡,南,无,"单价46900元/平,2015-10-16成交",,高楼层(共6层),https://sh.lianjia.com/chengjiao/107010030935.html
50,浦东,花木,2013-11-28,暂无数据,315,765,1,0,0,暂无数据,1室1厅1厨1卫,47.68㎡,暂无数据,无,"单价66066元/平,2016-01-02成交",,高楼层(共6层),https://sh.lianjia.com/chengjiao/107010050788.html
51,浦东,花木,2012-01-07,650,650,1016,1,0,0,暂无数据,3室2厅1厨2卫,144.9㎡,南,有,"单价44859元/平,2014-10-19成交",,高楼层(共18层),https://sh.lianjia.com/chengjiao/107010008625.html
52,浦东,花木,2012-03-15,63,60,1344,0,0,0,暂无数据,1室0厅1厨1卫,38.58㎡,南,暂无数据,"单价15553元/平,2015-11-19成交",,中楼层(共12层),https://sh.lianjia.com/chengjiao/107010039261.html
53,浦东,花木,2013-11-21,暂无数据,309,780,1,0,0,暂无数据,1室1厅1厨1卫,42.42㎡,南,无,"单价72843元/平,2016-01-10成交",,高楼层(共6层),https://sh.lianjia.com/chengjiao/107010044834.html
54,浦东,花木,2013-06-01,暂无数据,313,925,1,0,0,暂无数据,1室1厅1厨1卫,48.01㎡,南,无,"单价65195元/平,2015-12-13成交",,高楼层(共6层),https://sh.lianjia.com/chengjiao/107010044632.html
55,浦东,花木,2013-11-21,暂无数据,220,838,0,0,0,暂无数据,1室1厅1厨1卫,32.31㎡,暂无数据,无,"单价68091元/平,2016-03-08成交",,高楼层(共6层),https://sh.lianjia.com/chengjiao/107010066354.html
56,浦东,花木,2013-11-26,暂无数据,76,849,0,0,0,暂无数据,1室1厅1厨1卫,38.43㎡,东南,暂无数据,"单价19777元/平,2016-03-24成交",,中楼层(共12层),https://sh.lianjia.com/chengjiao/107010067134.html
57,浦东,花木,2013-11-21,260,255,819,1,0,0,暂无数据,1室1厅1厨1卫,41.05㎡,南,无,"单价62120元/平,2016-02-18成交",,高楼层(共6层),https://sh.lianjia.com/chengjiao/107010059697.html
58,浦东,花木,2013-11-21,暂无数据,275,857,1,0,0,暂无数据,1室1厅1厨1卫,32.31㎡,暂无数据,无,"单价85113元/平,2016-03-27成交",,中楼层(共6层),https://sh.lianjia.com/chengjiao/107010070101.html
59,浦东,花木,2013-09-29,350,347,880,1,0,0,暂无数据,1室1厅1厨1卫,46.71㎡,南,无,"单价74289元/平,2016-02-26成交",,高楼层(共6层),https://sh.lianjia.com/chengjiao/107010063469.html
60,浦东,花木,2015-07-16,78,78,288,1,0,0,暂无数据,1室0厅1厨1卫,32.46㎡,东南,暂无数据,"单价24030元/平,2016-04-29成交",,中楼层(共12层),https://sh.lianjia.com/chengjiao/107010073231.html
61,浦东,花木,2013-11-21,275,261,927,1,0,0,暂无数据,0室0厅1厨0卫,40.8㎡,暂无数据,无,"单价63971元/平,2016-06-05成交",,低楼层(共6层),https://sh.lianjia.com/chengjiao/107010074086.html
62,浦东,花木,2013-11-19,1,338,977,1,0,0,暂无数据,1室1厅1厨1卫,37.64㎡,南,无,"单价89799元/平,2016-07-23成交",,中楼层(共6层),https://sh.lianjia.com/chengjiao/107010081196.html
63,浦东,花木,2015-07-20,100,88,392,0,0,0,暂无数据,1室0厅1厨1卫,37.17㎡,暂无数据,暂无数据,"单价23676元/平,2016-08-15成交",,中楼层(共12层),https://sh.lianjia.com/chengjiao/107010088328.html
64,浦东,花木,2013-08-03,暂无数据,227,1142,0,0,0,暂无数据,1室1厅1厨1卫,48.31㎡,西,有,"单价46989元/平,2016-09-18成交",,低楼层(共29层),https://sh.lianjia.com/chengjiao/107010098917.html
65,浦东,花木,2012-01-07,750,510,354,0,0,0,暂无数据,3室2厅1厨2卫,129.85㎡,南,有,"单价39277元/平,2012-12-25成交",,中楼层(共14层),https://sh.lianjia.com/chengjiao/107010001841.html
66,浦东,花木,2012-01-07,940,328,460,0,0,0,暂无数据,2室2厅1厨2卫,116.54㎡,南,有,"单价80660元/平,2016-08-28成交",,高楼层(共13层),https://sh.lianjia.com/chengjiao/107010003164.html
67,浦东,花木,2012-01-07,500,480,546,1,0,0,暂无数据,2室2厅1厨2卫,112.38㎡,南,有,"单价42713元/平,2013-07-06成交",,高楼层(共13层),https://sh.lianjia.com/chengjiao/107010003805.html
68,浦东,花木,2013-07-12,950,506,45,1,0,0,暂无数据,0室0厅1厨0卫,124.34㎡,暂无数据,有,"单价40695元/平,2013-08-26成交",,中楼层(共16层),https://sh.lianjia.com/chengjiao/107010004321.html
69,浦东,花木,2012-01-07,暂无数据,535.2,623,0,0,0,暂无数据,3室2厅1厨1卫,117㎡,暂无数据,有,"单价45736元/平,2013-09-21成交",,中楼层(共12层),https://sh.lianjia.com/chengjiao/107010004660.html
70,浦东,花木,2012-01-07,500,475,428,1,0,0,暂无数据,2室2厅1厨1卫,114.18㎡,南,有,"单价41601元/平,2013-03-10成交",,中楼层(共13层),https://sh.lianjia.com/chengjiao/107010002658.html
71,浦东,花木,2013-07-28,730,710,112,0,0,0,暂无数据,2室2厅1厨1卫,126.17㎡,西,有,"单价56274元/平,2013-11-17成交",,低楼层(共9层),https://sh.lianjia.com/chengjiao/107010005238.html
72,浦东,花木,2012-01-07,1080,538,632,0,0,0,暂无数据,2室2厅1厨2卫,114.68㎡,南,有,"单价46914元/平,2013-09-30成交",,高楼层(共12层),https://sh.lianjia.com/chengjiao/107010004688.html
73,浦东,花木,2013-11-14,暂无数据,428,392,0,0,0,暂无数据,2室2厅1厨1卫,117.92㎡,南,有,"单价36296元/平,2014-12-11成交",,低楼层(共18层),https://sh.lianjia.com/chengjiao/107010009389.html
74,浦东,花木,2012-01-07,550,530,1073,0,0,0,暂无数据,2室2厅1厨1卫,119.87㎡,暂无数据,有,"单价44215元/平,2014-12-15成交",,高楼层(共13层),https://sh.lianjia.com/chengjiao/107010009191.html
75,浦东,花木,2012-01-07,530,525,1149,1,0,0,暂无数据,2室2厅1厨1卫,110.37㎡,南,有,"单价47568元/平,2015-03-01成交",,高楼层(共13层),https://sh.lianjia.com/chengjiao/107010011085.html
76,浦东,花木,2012-01-07,515,500,1113,0,0,0,暂无数据,2室2厅1厨1卫,110.39㎡,南,有,"单价45294元/平,2015-01-24成交",,低楼层(共13层),https://sh.lianjia.com/chengjiao/107010010101.html
77,浦东,花木,2013-10-22,290,285,521,1,0,0,暂无数据,3室1厅1厨2卫,126.23㎡,东北,有,"单价22578元/平,2015-03-27成交",,中楼层(共29层),https://sh.lianjia.com/chengjiao/107010011721.html
78,浦东,花木,2012-01-07,暂无数据,585,1202,0,0,0,暂无数据,2室2厅1厨2卫,116.52㎡,暂无数据,有,"单价50206元/平,2015-04-23成交",,高楼层(共13层),https://sh.lianjia.com/chengjiao/107010012577.html
79,浦东,花木,2014-05-19,398,392,360,1,0,0,暂无数据,3室2厅1厨2卫,113.86㎡,南,有,"单价34429元/平,2015-05-14成交",,中楼层(共8层),https://sh.lianjia.com/chengjiao/107010014779.html
80,浦东,花木,2012-01-07,暂无数据,500,1209,0,0,0,暂无数据,2室2厅1厨1卫,111.01㎡,南,有,"单价45041元/平,2015-04-30成交",,低楼层(共13层),https://sh.lianjia.com/chengjiao/107010012882.html
81,浦东,花木,2012-01-07,暂无数据,676,1288,0,0,0,暂无数据,2室2厅1厨2卫,116.52㎡,南,有,"单价58016元/平,2015-07-18成交",,高楼层(共13层),https://sh.lianjia.com/chengjiao/107010019649.html
82,浦东,花木,2013-11-29,暂无数据,300,648,1,0,0,暂无数据,3室1厅1厨2卫,126.23㎡,东,有,"单价23767元/平,2015-09-08成交",,高楼层(共29层),https://sh.lianjia.com/chengjiao/107010023518.html
83,浦东,花木,2013-09-30,470,440,671,1,0,0,暂无数据,2室2厅1厨2卫,128.72㎡,南,有,"单价34183元/平,2015-08-02成交",,低楼层(共12层),https://sh.lianjia.com/chengjiao/107010019230.html
84,浦东,花木,2013-11-14,暂无数据,620,723,1,0,0,暂无数据,3室2厅1厨2卫,124.75㎡,南,有,"单价49700元/平,2015-11-07成交",,高楼层(共12层),https://sh.lianjia.com/chengjiao/107010029611.html
85,浦东,花木,2013-12-16,暂无数据,445,646,0,0,0,暂无数据,3室2厅1厨1卫,128.74㎡,南,有,"单价34566元/平,2015-09-23成交",,低楼层(共12层),https://sh.lianjia.com/chengjiao/107010027851.html
86,浦东,花木,2012-01-07,暂无数据,715,1410,1,0,0,暂无数据,2室2厅1厨1卫,118.86㎡,南,有,"单价60155元/平,2015-11-17成交",,低楼层(共18层),https://sh.lianjia.com/chengjiao/107010037412.html
87,浦东,花木,2012-01-07,980,800,1463,1,0,0,暂无数据,3室2厅1厨2卫,125.15㎡,南,有,"单价63924元/平,2016-01-08成交",,低楼层(共16层),https://sh.lianjia.com/chengjiao/107010049304.html
88,浦东,花木,2012-01-07,780,780,1453,0,0,0,暂无数据,2室2厅1厨2卫,116.52㎡,南,有,"单价66942元/平,2015-12-30成交",,中楼层(共13层),https://sh.lianjia.com/chengjiao/107010039438.html
89,浦东,花木,2012-01-07,566,550,1275,0,0,0,暂无数据,2室2厅1厨2卫,112.04㎡,南,有,"单价49090元/平,2015-07-05成交",,低楼层(共13层),https://sh.lianjia.com/chengjiao/107010016274.html
90,浦东,花木,2013-09-29,暂无数据,880,874,0,0,0,暂无数据,3室2厅1厨1卫,122.39㎡,南,有,"单价71902元/平,2016-02-20成交",,中楼层(共18层),https://sh.lianjia.com/chengjiao/107010058148.html
91,浦东,花木,2012-01-07,795,790,1485,0,0,0,暂无数据,2室2厅1厨1卫,111.01㎡,南,有,"单价71165元/平,2016-01-30成交",,中楼层(共13层),https://sh.lianjia.com/chengjiao/107010055514.html
92,浦东,花木,2013-11-04,1260,1099,954,1,0,0,暂无数据,2室2厅1厨1卫,117.46㎡,东,有,"单价93564元/平,2016-06-15成交",,高楼层(共9层),https://sh.lianjia.com/chengjiao/107010076083.html
93,浦东,花木,2013-09-30,1100,650,887,0,0,0,暂无数据,3室2厅1厨2卫,139.95㎡,南,有,"单价46446元/平,2016-03-05成交",,中楼层(共11层),https://sh.lianjia.com/chengjiao/107010061747.html
94,浦东,花木,2012-01-07,1200,1210,1534,1,0,0,暂无数据,3室2厅1厨2卫,138.01㎡,南,有,"单价98761元/平,2018-11-14成交",,高楼层(共11层),https://sh.lianjia.com/chengjiao/107010063076.html
95,浦东,花木,2013-09-29,860,850,907,1,0,0,暂无数据,0室0厅1厨0卫,134.21㎡,暂无数据,有,"单价63334元/平,2016-03-24成交",,中楼层(共14层),https://sh.lianjia.com/chengjiao/107010069021.html
96,浦东,花木,2012-01-07,1280,1230,1561,0,0,0,暂无数据,0室0厅1厨0卫,148.63㎡,暂无数据,有,"单价82756元/平,2016-04-15成交",,高楼层(共12层),https://sh.lianjia.com/chengjiao/107010069846.html
97,浦东,花木,2012-01-07,暂无数据,590,1591,0,0,0,暂无数据,3室2厅1厨2卫,137.29㎡,南,有,"单价42975元/平,2016-05-15成交",,中楼层(共29层),https://sh.lianjia.com/chengjiao/107010074112.html
98,浦东,花木,2012-01-07,1160,1120,1697,1,0,0,暂无数据,3室2厅1厨2卫,149.8㎡,南,有,"单价74767元/平,2016-08-29成交",,中楼层(共12层),https://sh.lianjia.com/chengjiao/107010093336.html
99,浦东,花木,2012-01-07,1260,1240,1686,1,0,0,暂无数据,3室2厅1厨2卫,137.92㎡,南,有,"单价89908元/平,2016-08-18成交",,低楼层(共11层),https://sh.lianjia.com/chengjiao/107010090932.html
100,浦东,花木,2013-09-29,暂无数据,835,1066,1,0,0,暂无数据,3室2厅1厨2卫,130.78㎡,暂无数据,无,"单价63848元/平,2016-08-30成交",,中楼层(共5层),https://sh.lianjia.com/chengjiao/107010094641.html
101,浦东,花木,2012-01-07,1320,1278,1719,0,0,0,暂无数据,3室2厅1厨2卫,144.55㎡,南,有,"单价88413元/平,2016-09-20成交",,低楼层(共18层),https://sh.lianjia.com/chengjiao/107010092591.html
102,浦东,花木,2012-01-07,1100,1020,1749,1,0,0,暂无数据,3室2厅1厨2卫,138.66㎡,南,有,"单价73562元/平,2016-10-20成交",,低楼层(共17层),https://sh.lianjia.com/chengjiao/107010081244.html
103,浦东,花木,2015-04-09,暂无数据,960,602,1,0,0,暂无数据,3室2厅1厨2卫,142.98㎡,南,有,"单价67143元/平,2016-12-01成交",,高楼层(共14层),https://sh.lianjia.com/chengjiao/107010105077.html
104,浦东,花木,2012-01-07,1330,1310,1902,0,0,0,暂无数据,3室2厅1厨2卫,143.54㎡,南,有,"单价91264元/平,2017-03-23成交",,中楼层(共17层),https://sh.lianjia.com/chengjiao/107000253729.html
105,浦东,花木,2015-04-09,暂无数据,1000,611,0,0,0,暂无数据,3室2厅1厨2卫,149.09㎡,南,有,"单价67074元/平,2016-12-10成交",,中楼层(共13层),https://sh.lianjia.com/chengjiao/107010107989.html
106,浦东,花木,2013-11-29,620,608,1178,0,0,0,暂无数据,3室2厅1厨1卫,138.2㎡,南,有,"单价43995元/平,2017-02-19成交",,低楼层(共29层),https://sh.lianjia.com/chengjiao/107001514469.html
107,浦东,花木,2012-01-07,暂无数据,1200,1752,0,0,0,暂无数据,3室2厅1厨2卫,144.96㎡,南,有,"单价82782元/平,2016-10-23成交",,低楼层(共18层),https://sh.lianjia.com/chengjiao/107010092159.html
108,浦东,花木,2012-01-07,1480,1350,2027,0,0,0,暂无数据,3室2厅1厨2卫,144.96㎡,南,有,"单价93130元/平,2017-07-26成交",,高楼层(共18层),https://sh.lianjia.com/chengjiao/107000167689.html
109,浦东,花木,2012-01-07,1440,1355,2129,0,0,0,暂无数据,3室2厅1厨2卫,144.31㎡,南,有,"单价93896元/平,2017-11-05成交",,高楼层(共18层),https://sh.lianjia.com/chengjiao/107002081277.html
110,浦东,花木,2012-01-07,1380,1350,2132,0,0,0,暂无数据,3室2厅1厨2卫,144.01㎡,南,有,"单价93744元/平,2017-11-08成交",,中楼层(共18层),https://sh.lianjia.com/chengjiao/107001998671.html
111,浦东,花木,2017-04-20,1320,1230,252,0,0,28,暂无数据,3室2厅1厨2卫,131.45㎡,暂无数据,有,"单价93572元/平,2017-12-28成交",,低楼层(共12层),https://sh.lianjia.com/chengjiao/107000259343.html
112,浦东,花木,2017-12-27,1320,1295,16,0,0,12,6,3室2厅1厨2卫,131.46㎡,南,有,"单价98510元/平,2018-01-12成交",,中楼层(共12层),https://sh.lianjia.com/chengjiao/107002308045.html
113,浦东,花木,2018-01-31,1010,925,56,1,0,45,2443,3室2厅1厨2卫,134.21㎡,南,有,"单价68922元/平,2018-03-28成交",,中楼层(共14层),https://sh.lianjia.com/chengjiao/107002345127.html
114,浦东,花木,2012-01-07,1230,1225,2190,0,0,0,暂无数据,3室2厅1厨2卫,137.11㎡,南,有,"单价89345元/平,2018-01-05成交",,低楼层(共14层),https://sh.lianjia.com/chengjiao/107000255345.html
115,浦东,花木,2017-10-10,1420,1320,72,0,0,13,暂无数据,3室2厅1厨2卫,147.89㎡,南,有,"单价89256元/平,2017-12-21成交",,低楼层(共25层),https://sh.lianjia.com/chengjiao/107002186297.html
116,浦东,花木,2018-04-03,1450,1420,48,0,0,27,1235,3室2厅1厨2卫,148.55㎡,南,有,"单价95591元/平,2018-05-21成交",,低楼层(共18层),https://sh.lianjia.com/chengjiao/107100166834.html
117,浦东,花木,2018-05-31,1440,1405,31,1,0,13,1587,3室2厅1厨2卫,144.05㎡,南,有,"单价97536元/平,2018-06-30成交",,低楼层(共18层),https://sh.lianjia.com/chengjiao/107100336344.html
118,浦东,花木,2018-07-21,1450,1420,16,0,0,7,499,3室2厅1厨2卫,143.54㎡,南,有,"单价98928元/平,2018-08-06成交",,中楼层(共17层),https://sh.lianjia.com/chengjiao/107100485757.html
119,浦东,花木,2018-04-08,1420,1418,133,1,0,39,4160,3室2厅1厨2卫,135.85㎡,南,有,"单价104380元/平,2018-08-19成交",,高楼层(共11层),https://sh.lianjia.com/chengjiao/107100181260.html
120,浦东,花木,2018-11-02,1430,1363,12,0,0,4,372,3室2厅1厨2卫,138.01㎡,南,有,"单价98761元/平,2018-11-14成交",,高楼层(共11层),https://sh.lianjia.com/chengjiao/107100778071.html
121,浦东,花木,2012-08-17,2900,2790,1711,0,0,0,暂无数据,4室2厅1厨3卫,278.66㎡,东,无,"单价100123元/平,2017-04-24成交",,低楼层(共3层),https://sh.lianjia.com/chengjiao/107002150289.html
122,浦东,花木,2017-12-20,1600,1580,307,1,0,0,暂无数据,3室2厅1厨2卫,134.45㎡,暂无数据,有,"单价117516元/平,2018-10-23成交",,高楼层(共9层),https://sh.lianjia.com/chengjiao/107002299827.html
123,浦东,花木,2018-07-03,1380,1335,139,1,0,86,6210,3室2厅1厨2卫,144.9㎡,南,有,"单价92133元/平,2018-11-19成交",,中楼层(共17层),https://sh.lianjia.com/chengjiao/107100434526.html
124,浦东,花木,2012-08-17,2900,2790,1711,0,0,0,暂无数据,4室2厅1厨3卫,278.66㎡,东,无,"单价100123元/平,2017-04-24成交",,低楼层(共3层),https://sh.lianjia.com/chengjiao/107000399927.html
125,浦东,花木,2012-01-07,1680,1640,1958,0,0,0,暂无数据,4室2厅1厨2卫,166.95㎡,暂无数据,有,"单价98234元/平,2017-05-18成交",,中楼层(共18层),https://sh.lianjia.com/chengjiao/107000257479.html
126,浦东,花木,2012-01-07,1720,1620,1936,0,0,0,暂无数据,4室2厅1厨2卫,181.51㎡,南,有,"单价89252元/平,2017-04-26成交",,中楼层(共18层),https://sh.lianjia.com/chengjiao/107000359345.html
127,浦东,花木,2012-01-14,7900,7580,1943,0,0,0,暂无数据,5室3厅1厨5卫,604.83㎡,北,无,"单价125325元/平,2017-05-10成交",,低楼层(共2层),https://sh.lianjia.com/chengjiao/107000369355.html
128,浦东,花木,2012-01-07,1500,1460,1966,0,0,0,暂无数据,4室2厅1厨3卫,179.46㎡,南,有,"单价81356元/平,2017-05-26成交",,低楼层(共23层),https://sh.lianjia.com/chengjiao/107002003335.html
129,浦东,花木,2012-01-07,1520,1470,1978,0,0,0,暂无数据,4室2厅1厨2卫,181.51㎡,西南,有,"单价80988元/平,2017-06-07成交",,中楼层(共18层),https://sh.lianjia.com/chengjiao/107001998187.html
130,浦东,花木,2012-01-07,1520,1480,1989,0,0,0,暂无数据,3室2厅1厨2卫,170.36㎡,西南,有,"单价86875元/平,2017-06-18成交",,低楼层(共10层),https://sh.lianjia.com/chengjiao/107002000833.html
131,浦东,花木,2013-11-14,1200,1000,1321,0,0,0,暂无数据,3室2厅1厨2卫,160.16㎡,北,有,"单价62438元/平,2017-06-27成交",,低楼层(共18层),https://sh.lianjia.com/chengjiao/107002032329.html
132,浦东,花木,2012-08-17,4000,3750,1784,0,0,0,暂无数据,4室2厅1厨5卫,376.15㎡,东,无,"单价99695元/平,2017-07-06成交",,低楼层(共3层),https://sh.lianjia.com/chengjiao/107000400227.html
133,浦东,花木,2012-08-17,2900,2900,1796,0,0,0,暂无数据,4室2厅1厨4卫,275.07㎡,东,无,"单价105428元/平,2017-07-18成交",,低楼层(共3层),https://sh.lianjia.com/chengjiao/107000400179.html
134,浦东,花木,2012-08-16,2380,2125,1840,0,0,0,暂无数据,3室2厅1厨3卫,171.89㎡,南,无,"单价123626元/平,2017-08-30成交",,低楼层(共2层),https://sh.lianjia.com/chengjiao/107000400271.html
135,浦东,花木,2012-01-07,11000,10800,2089,0,0,0,暂无数据,5室4厅1厨6卫,806.17㎡,南,无,"单价133967元/平,2017-09-26成交",,低楼层(共2层),https://sh.lianjia.com/chengjiao/107002122735.html
136,浦东,花木,2012-01-07,2250,2206,2155,0,0,0,暂无数据,4室2厅1厨3卫,223.51㎡,暂无数据,有,"单价98699元/平,2017-12-01成交",,中楼层(共30层),https://sh.lianjia.com/chengjiao/107000281353.html
137,浦东,花木,2012-01-07,1650,1550,2169,0,0,0,暂无数据,4室2厅1厨2卫,181.51㎡,南,有,"单价85395元/平,2017-12-15成交",,中楼层(共18层),https://sh.lianjia.com/chengjiao/107000220531.html
138,浦东,花木,2018-02-01,1200,1045,40,1,0,14,1918,3室2厅1厨2卫,170.86㎡,南,有,"单价61162元/平,2018-03-12成交",,高楼层(共18层),https://sh.lianjia.com/chengjiao/107100000116.html
139,浦东,花木,2016-04-04,1680,1630,786,1,0,103,3319,4室2厅1厨2卫,192.67㎡,南,有,"单价84601元/平,2018-05-30成交",,高楼层(共30层),https://sh.lianjia.com/chengjiao/107000206533.html
140,浦东,花木,2017-05-13,1500,1430,330,1,0,40,20432,4室2厅1厨2卫,181.51㎡,南,有,"单价78784元/平,2018-04-08成交",,低楼层(共18层),https://sh.lianjia.com/chengjiao/107000206519.html
141,浦东,花木,2018-02-04,1460,1380,123,1,0,34,3216,4室2厅1厨2卫,164.94㎡,南 西,有,"单价83667元/平,2018-06-06成交",,低楼层(共9层),https://sh.lianjia.com/chengjiao/107100005853.html
142,浦东,花木,2018-04-21,2350,2200,51,0,0,8,1137,4室2厅1厨3卫,223.51㎡,南,有,"单价98430元/平,2018-06-11成交",,中楼层(共30层),https://sh.lianjia.com/chengjiao/107100222258.html
143,浦东,花木,2018-06-14,2400,2350,6,0,0,0,暂无数据,5室2厅1厨3卫,270.73㎡,南,有,"单价86803元/平,2018-06-20成交",,高楼层(共33层),https://sh.lianjia.com/chengjiao/107100379644.html
144,浦东,花木,2017-05-12,1580,1565,417,1,0,210,8167,4室2厅1厨2卫,189.6㎡,南,有,"单价82543元/平,2018-07-02成交",,中楼层(共30层),https://sh.lianjia.com/chengjiao/107000206531.html
145,浦东,花木,2018-05-04,1550,1550,73,1,0,28,2224,4室2厅1厨2卫,189.4㎡,南,有,"单价81838元/平,2018-07-15成交",,低楼层(共33层),https://sh.lianjia.com/chengjiao/107100258320.html
146,浦东,花木,2018-07-05,1450,1390,12,0,0,7,409,4室2厅1厨2卫,164.44㎡,南,有,"单价84530元/平,2018-07-16成交",,低楼层(共18层),https://sh.lianjia.com/chengjiao/107100438467.html
147,浦东,花木,2018-03-17,1660,1613.8,127,1,0,19,3444,3室2厅1厨2卫,182.43㎡,南,有,"单价88462元/平,2018-07-21成交",,高楼层(共35层),https://sh.lianjia.com/chengjiao/107100107874.html
148,浦东,花木,2017-10-28,8400,8250,284,1,0,4,1724,5室3厅1厨3卫,521.24㎡,南,无,"单价158277元/平,2018-08-07成交",,低楼层(共3层),https://sh.lianjia.com/chengjiao/107001681239.html
149,浦东,花木,2017-04-13,1380,1293,558,1,0,292,32743,3室2厅1厨2卫,161.1㎡,南,有,"单价80261元/平,2018-10-22成交",,中楼层(共20层),https://sh.lianjia.com/chengjiao/107000276837.html
150,浦东,花木,2012-01-07,1450,1410,1532,0,0,0,暂无数据,3室2厅1厨2卫,179.52㎡,南,有,"单价78543元/平,2016-03-17成交",,中楼层(共35层),https://sh.lianjia.com/chengjiao/107010067490.html
151,浦东,花木,2018-09-06,4150,3600,54,1,0,5,1313,4室2厅1厨4卫,275.07㎡,东,无,"单价130876元/平,2018-10-30成交",,低楼层(共3层),https://sh.lianjia.com/chengjiao/107100620692.html
152,浦东,花木,2012-01-07,暂无数据,1550,1544,0,0,0,暂无数据,3室2厅1厨3卫,171.89㎡,南,无,"单价90174元/平,2016-03-29成交",,低楼层(共2层),https://sh.lianjia.com/chengjiao/107010071001.html
153,浦东,花木,2013-11-14,1050,1050,866,1,0,0,暂无数据,3室2厅1厨2卫,170.86㎡,南,有,"单价61454元/平,2016-03-29成交",,中楼层(共18层),https://sh.lianjia.com/chengjiao/107010067086.html
154,浦东,花木,2012-08-17,暂无数据,2800,1312,1,0,0,暂无数据,4室2厅1厨4卫,246.26㎡,北,无,"单价113701元/平,2016-03-21成交",,低楼层(共3层),https://sh.lianjia.com/chengjiao/107010066267.html
155,浦东,花木,2012-08-15,暂无数据,3445,1349,1,0,0,暂无数据,4室3厅1厨4卫,376.15㎡,东,无,"单价91586元/平,2016-04-25成交",,低楼层(共3层),https://sh.lianjia.com/chengjiao/107010071366.html
156,浦东,花木,2012-08-15,暂无数据,1710,1342,0,0,0,暂无数据,3室2厅1厨3卫,171.89㎡,北,无,"单价99483元/平,2016-04-18成交",,低楼层(共2层),https://sh.lianjia.com/chengjiao/107010070600.html
157,浦东,花木,2012-01-07,暂无数据,5408,1623,0,0,0,暂无数据,5室3厅1厨5卫,499.86㎡,南,无,"单价108191元/平,2016-06-16成交",,低楼层(共2层),https://sh.lianjia.com/chengjiao/107010072346.html
158,浦东,花木,2012-01-07,暂无数据,1350,1590,0,0,0,暂无数据,5室3厅1厨3卫,228.96㎡,南,有,"单价58963元/平,2016-05-14成交",,高楼层(共12层),https://sh.lianjia.com/chengjiao/107010073183.html
159,浦东,花木,2012-01-07,1500,1450,1648,0,0,0,暂无数据,3室2厅1厨2卫,179.52㎡,南,有,"单价80771元/平,2016-07-11成交",,中楼层(共35层),https://sh.lianjia.com/chengjiao/107010080789.html
160,浦东,花木,2012-01-07,暂无数据,4950,1641,0,0,0,暂无数据,5室3厅1厨4卫,358㎡,南,无,"单价138269元/平,2016-07-04成交",,低楼层(共2层),https://sh.lianjia.com/chengjiao/107010080519.html
161,浦东,花木,2013-11-04,1250,1180,989,1,0,0,暂无数据,3室2厅1厨2卫,165.71㎡,南,有,"单价71209元/平,2016-07-20成交",,低楼层(共9层),https://sh.lianjia.com/chengjiao/107010079922.html
162,浦东,花木,2012-01-07,暂无数据,1850,1666,1,0,0,暂无数据,3室2厅1厨3卫,171.89㎡,南,无,"单价107627元/平,2016-07-29成交",,低楼层(共2层),https://sh.lianjia.com/chengjiao/107010082195.html
163,浦东,花木,2012-01-07,暂无数据,1230,1680,1,0,0,暂无数据,4室2厅1厨2卫,166.46㎡,南,有,"单价73892元/平,2016-08-12成交",,高楼层(共18层),https://sh.lianjia.com/chengjiao/107010084913.html
164,浦东,花木,2013-11-04,1250,1220,1019,1,0,0,暂无数据,3室2厅1厨2卫,152.94㎡,西南,有,"单价79770元/平,2016-08-19成交",,中楼层(共9层),https://sh.lianjia.com/chengjiao/107010089583.html
165,浦东,花木,2012-01-07,1600,1455,1668,0,0,0,暂无数据,0室0厅1厨0卫,223.51㎡,暂无数据,有,"单价65098元/平,2016-07-31成交",,低楼层(共30层),https://sh.lianjia.com/chengjiao/107010085834.html
166,浦东,花木,2012-01-07,5500,4000,1687,1,0,0,暂无数据,5室3厅1厨5卫,334.97㎡,暂无数据,无,"单价119414元/平,2016-08-19成交",,低楼层(共2层),https://sh.lianjia.com/chengjiao/107010061550.html
167,浦东,花木,2012-01-07,1400,1350,1697,1,0,0,暂无数据,3室2厅1厨2卫,189.24㎡,南,有,"单价71338元/平,2016-08-29成交",,低楼层(共22层),https://sh.lianjia.com/chengjiao/107010088549.html
168,浦东,花木,2012-01-07,1550,1520,1695,1,0,0,暂无数据,4室2厅1厨2卫,197.28㎡,南,有,"单价77048元/平,2016-08-27成交",,中楼层(共7层),https://sh.lianjia.com/chengjiao/107010082246.html
169,浦东,花木,2012-01-07,1700,1630,1697,0,0,0,暂无数据,4室3厅1厨2卫,196.22㎡,南,有,"单价83071元/平,2016-08-29成交",,高楼层(共7层),https://sh.lianjia.com/chengjiao/107010083484.html
170,浦东,花木,2013-07-19,暂无数据,2900,1152,1,0,0,暂无数据,4室2厅1厨3卫,226.89㎡,南,无,"单价127816元/平,2016-09-13成交",,低楼层(共3层),https://sh.lianjia.com/chengjiao/107010093075.html
171,浦东,花木,2012-01-07,2800,2625,1728,0,0,0,暂无数据,4室2厅1厨4卫,275.07㎡,东,无,"单价95431元/平,2016-09-29成交",,低楼层(共3层),https://sh.lianjia.com/chengjiao/107010083354.html
172,浦东,花木,2012-01-07,1380,1350,1727,1,0,0,暂无数据,3室2厅1厨2卫,173.11㎡,南,有,"单价77986元/平,2016-09-28成交",,中楼层(共22层),https://sh.lianjia.com/chengjiao/107010098332.html
173,浦东,花木,2012-01-07,暂无数据,3680,1724,1,0,0,暂无数据,4室3厅1厨4卫,376.15㎡,南,无,"单价97834元/平,2016-09-25成交",,低楼层(共3层),https://sh.lianjia.com/chengjiao/107010102019.html
174,浦东,花木,2012-01-07,暂无数据,2750,1721,0,0,0,暂无数据,4室2厅1厨3卫,278.66㎡,西,无,"单价98687元/平,2016-09-22成交",,低楼层(共3层),https://sh.lianjia.com/chengjiao/107010099497.html
175,浦东,花木,2013-09-27,1600,1500,1128,0,0,0,暂无数据,4室2厅1厨3卫,212.65㎡,南,有,"单价70539元/平,2016-10-29成交",,低楼层(共21层),https://sh.lianjia.com/chengjiao/107010090800.html
176,浦东,花木,2012-01-07,暂无数据,8100,1790,1,0,0,暂无数据,6室3厅1厨9卫,798.86㎡,南,无,"单价101395元/平,2016-11-30成交",,低楼层(共2层),https://sh.lianjia.com/chengjiao/107010104903.html
177,浦东,花木,2012-01-07,暂无数据,1820,1796,0,0,0,暂无数据,4室2厅1厨2卫,228.79㎡,南,有,"单价79549元/平,2016-12-06成交",,低楼层(共30层),https://sh.lianjia.com/chengjiao/107010109884.html
178,浦东,花木,2012-01-07,暂无数据,8140,1807,1,0,0,暂无数据,6室3厅1厨4卫,806.17㎡,北,无,"单价100972元/平,2016-12-18成交",,低楼层(共2层),https://sh.lianjia.com/chengjiao/107010106864.html
179,浦东,花木,2012-01-07,1680,1500,1888,0,0,0,暂无数据,3室2厅1厨2卫,179.33㎡,南,有,"单价83645元/平,2017-03-09成交",,高楼层(共33层),https://sh.lianjia.com/chengjiao/107000362689.html
180,浦东,花木,2013-10-17,1280,1280,1191,0,0,0,暂无数据,3室2厅1厨2卫,152.25㎡,南,有,"单价84073元/平,2017-01-20成交",,中楼层(共9层),https://sh.lianjia.com/chengjiao/107000520561.html
181,浦东,花木,2012-06-10,640,638,886,1,0,0,暂无数据,3室2厅1厨2卫,142.91㎡,南,有,"单价44644元/平,2014-11-13成交",,高楼层(共11层),https://sh.lianjia.com/chengjiao/107010009067.html
182,浦东,花木,2012-01-07,700,680,1108,0,0,0,暂无数据,0室0厅1厨0卫,145.02㎡,暂无数据,有,"单价46891元/平,2015-01-19成交",,高楼层(共18层),https://sh.lianjia.com/chengjiao/107010010516.html
183,浦东,花木,2012-01-07,700,690,1100,1,0,0,暂无数据,3室2厅1厨2卫,139.65㎡,南,有,"单价49410元/平,2015-01-11成交",,中楼层(共12层),https://sh.lianjia.com/chengjiao/107010010222.html
184,浦东,花木,2012-01-07,680,670,1123,1,0,0,暂无数据,3室2厅1厨2卫,147.89㎡,南,有,"单价45304元/平,2015-02-03成交",,中楼层(共25层),https://sh.lianjia.com/chengjiao/107010009833.html
185,浦东,花木,2012-01-07,720,678,1117,1,0,0,暂无数据,3室2厅1厨2卫,149.3㎡,南,有,"单价45412元/平,2015-01-28成交",,中楼层(共13层),https://sh.lianjia.com/chengjiao/107010009792.html
186,浦东,花木,2012-01-07,710,700,1169,0,0,0,暂无数据,3室2厅1厨2卫,148.55㎡,南,有,"单价47123元/平,2015-03-21成交",,中楼层(共18层),https://sh.lianjia.com/chengjiao/107010010936.html
187,浦东,花木,2012-01-07,828,805,1265,1,0,0,暂无数据,3室2厅1厨2卫,138.01㎡,南,有,"单价58330元/平,2015-06-25成交",,中楼层(共11层),https://sh.lianjia.com/chengjiao/107010015589.html
188,浦东,花木,2012-01-07,730,710,1276,1,0,0,暂无数据,3室2厅1厨2卫,133.46㎡,南,有,"单价53200元/平,2015-07-06成交",,中楼层(共11层),https://sh.lianjia.com/chengjiao/107010016266.html
189,浦东,花木,2012-01-07,650,650,1270,0,0,0,暂无数据,3室2厅1厨2卫,143.54㎡,南,有,"单价45284元/平,2015-06-30成交",,低楼层(共17层),https://sh.lianjia.com/chengjiao/107010010998.html
190,浦东,花木,2013-09-29,600,599.8,681,1,0,0,暂无数据,3室2厅1厨2卫,140.87㎡,南,有,"单价42579元/平,2015-08-11成交",,中楼层(共14层),https://sh.lianjia.com/chengjiao/107010022031.html
191,浦东,花木,2013-09-30,1000,600,686,0,0,0,暂无数据,3室2厅1厨2卫,146.07㎡,南,有,"单价41077元/平,2015-08-17成交",,高楼层(共12层),https://sh.lianjia.com/chengjiao/107010023093.html
192,浦东,花木,2012-01-07,750,750,1312,1,0,0,暂无数据,3室2厅1厨2卫,147.38㎡,南,有,"单价50889元/平,2015-08-11成交",,低楼层(共24层),https://sh.lianjia.com/chengjiao/107010019793.html
193,浦东,花木,2012-01-07,850,865,1316,0,0,0,暂无数据,3室2厅1厨2卫,143.54㎡,南,有,"单价60262元/平,2015-08-15成交",,中楼层(共17层),https://sh.lianjia.com/chengjiao/107010021975.html
194,浦东,花木,2012-01-07,暂无数据,753,1324,0,0,0,暂无数据,3室2厅1厨2卫,141.77㎡,南,有,"单价53115元/平,2015-08-23成交",,低楼层(共18层),https://sh.lianjia.com/chengjiao/107010022668.html
195,浦东,花木,2013-09-30,暂无数据,550,709,1,0,0,暂无数据,3室2厅1厨2卫,147.54㎡,南,有,"单价37279元/平,2015-09-09成交",,中楼层(共12层),https://sh.lianjia.com/chengjiao/107010024963.html
196,浦东,花木,2012-01-07,800,850,1400,0,0,0,暂无数据,3室2厅1厨2卫,148㎡,南,有,"单价57433元/平,2015-11-07成交",,高楼层(共18层),https://sh.lianjia.com/chengjiao/107010021494.html
197,浦东,花木,2012-01-07,1000,1000,1370,1,0,0,暂无数据,3室2厅1厨2卫,144.96㎡,南,有,"单价68985元/平,2015-10-08成交",,高楼层(共18层),https://sh.lianjia.com/chengjiao/107010029734.html
198,浦东,花木,2012-01-07,850,858.5,1404,1,0,0,暂无数据,3室2厅1厨2卫,149.8㎡,南,有,"单价57310元/平,2015-11-11成交",,中楼层(共12层),https://sh.lianjia.com/chengjiao/107010035652.html
199,浦东,花木,2012-01-07,935,915,1410,0,0,0,暂无数据,3室2厅1厨2卫,144.01㎡,南,有,"单价63538元/平,2015-11-17成交",,中楼层(共18层),https://sh.lianjia.com/chengjiao/107010036429.html
200,浦东,花木,2013-09-30,550,550,774,0,0,0,暂无数据,3室2厅1厨2卫,140.31㎡,南,有,"单价39199元/平,2015-11-13成交",,中楼层(共11层),https://sh.lianjia.com/chengjiao/107010025297.html
201,浦东,花木,2012-01-07,暂无数据,970,1443,0,0,0,暂无数据,3室2厅1厨2卫,144.33㎡,南,有,"单价67208元/平,2015-12-20成交",,低楼层(共16层),https://sh.lianjia.com/chengjiao/107010041686.html
202,浦东,花木,2012-01-07,760,750,1350,1,0,0,暂无数据,3室2厅1厨2卫,144.66㎡,南,有,"单价51846元/平,2015-09-18成交",,低楼层(共18层),https://sh.lianjia.com/chengjiao/107010020669.html
203,浦东,花木,2013-11-29,355,343,757,1,0,0,暂无数据,3室2厅1厨2卫,138.2㎡,南,有,"单价24820元/平,2015-12-26成交",,中楼层(共29层),https://sh.lianjia.com/chengjiao/107010045408.html
204,浦东,花木,2013-09-30,暂无数据,735,839,1,0,0,暂无数据,3室2厅1厨2卫,146.21㎡,南,有,"单价50271元/平,2016-01-17成交",,高楼层(共12层),https://sh.lianjia.com/chengjiao/107010048500.html
205,浦东,花木,2012-01-07,暂无数据,925,1465,1,0,0,暂无数据,3室2厅1厨2卫,143.54㎡,南,有,"单价64442元/平,2016-01-10成交",,低楼层(共17层),https://sh.lianjia.com/chengjiao/107010040002.html
206,浦东,花木,2012-01-07,暂无数据,1045,1471,1,0,0,暂无数据,3室2厅1厨2卫,138.16㎡,南,有,"单价75637元/平,2016-01-16成交",,低楼层(共11层),https://sh.lianjia.com/chengjiao/107010052689.html
207,浦东,花木,2012-01-07,1120,1110,1490,1,0,0,暂无数据,3室2厅1厨2卫,139.74㎡,南,有,"单价79434元/平,2016-02-04成交",,中楼层(共11层),https://sh.lianjia.com/chengjiao/107010059161.html
208,浦东,花木,2012-01-07,950,950,1474,1,0,0,暂无数据,3室2厅1厨2卫,148.63㎡,南,有,"单价63918元/平,2016-01-19成交",,低楼层(共12层),https://sh.lianjia.com/chengjiao/107010048393.html
209,浦东,花木,2013-12-16,795,795,799,1,0,0,暂无数据,3室2厅1厨1卫,147.43㎡,南,有,"单价53924元/平,2016-02-23成交",,中楼层(共12层),https://sh.lianjia.com/chengjiao/107010054895.html
210,浦东,花木,2012-01-07,910,868,1667,1,0,0,暂无数据,2室2厅1厨2卫,116.93㎡,南,有,"单价74233元/平,2016-07-30成交",,高楼层(共12层),https://sh.lianjia.com/chengjiao/107010078826.html
211,浦东,花木,2013-12-16,暂无数据,611.3,976,1,0,0,暂无数据,3室2厅1厨2卫,128.74㎡,暂无数据,有,"单价47484元/平,2016-08-18成交",,低楼层(共12层),https://sh.lianjia.com/chengjiao/107010073784.html
212,浦东,花木,2012-01-07,940,940,1696,1,0,0,暂无数据,2室2厅1厨2卫,116.54㎡,南,有,"单价80660元/平,2016-08-28成交",,高楼层(共13层),https://sh.lianjia.com/chengjiao/107010086081.html
213,浦东,花木,2013-09-30,780,763,1063,1,0,0,暂无数据,2室2厅1厨2卫,129.84㎡,南,有,"单价58765元/平,2016-08-28成交",,中楼层(共11层),https://sh.lianjia.com/chengjiao/107010092752.html
214,浦东,花木,2013-09-25,1150,1080,1079,1,0,0,暂无数据,0室0厅1厨0卫,127.02㎡,暂无数据,有,"单价85026元/平,2016-09-08成交",,低楼层(共12层),https://sh.lianjia.com/chengjiao/107010098407.html
215,浦东,花木,2013-09-29,900,900,880,0,0,0,暂无数据,0室0厅1厨0卫,133.97㎡,暂无数据,有,"单价67180元/平,2016-02-26成交",,中楼层(共9层),https://sh.lianjia.com/chengjiao/107010057816.html
216,浦东,花木,2015-03-26,850,850,535,1,0,0,暂无数据,4室2厅1厨2卫,127.9㎡,南,无,"单价66459元/平,2016-09-11成交",,高楼层(共6层),https://sh.lianjia.com/chengjiao/107010083524.html
217,浦东,花木,2013-09-29,暂无数据,1040,1081,1,0,0,暂无数据,3室2厅1厨2卫,124.18㎡,暂无数据,有,"单价83750元/平,2016-09-14成交",,高楼层(共17层),https://sh.lianjia.com/chengjiao/107010099937.html
218,浦东,花木,2013-09-30,750,745,1143,1,0,0,暂无数据,2室2厅1厨2卫,129.51㎡,南,有,"单价57525元/平,2016-11-16成交",,高楼层(共11层),https://sh.lianjia.com/chengjiao/107010103375.html
219,浦东,花木,2014-02-08,暂无数据,758,1029,1,0,0,暂无数据,3室2厅1厨2卫,124.46㎡,南,无,"单价60904元/平,2016-12-03成交",,低楼层(共6层),https://sh.lianjia.com/chengjiao/107010110019.html
220,浦东,花木,2013-11-14,暂无数据,845,1117,0,0,0,暂无数据,3室1厅1厨2卫,124.75㎡,南,有,"单价67736元/平,2016-12-05成交",,中楼层(共12层),https://sh.lianjia.com/chengjiao/107010105872.html
221,浦东,花木,2015-03-26,暂无数据,665,624,1,0,0,暂无数据,3室2厅1厨2卫,110.3㎡,南,无,"单价60291元/平,2016-12-09成交",,低楼层(共6层),https://sh.lianjia.com/chengjiao/107010098923.html
222,浦东,花木,2013-03-24,850,820,1506,0,0,0,暂无数据,3室2厅1厨2卫,120.79㎡,南,无,"单价67887元/平,2017-05-08成交",,低楼层(共6层),https://sh.lianjia.com/chengjiao/107000436691.html
223,浦东,花木,2012-01-07,暂无数据,995,1810,0,0,0,暂无数据,2室2厅1厨2卫,119.87㎡,南,有,"单价83007元/平,2016-12-20成交",,高楼层(共13层),https://sh.lianjia.com/chengjiao/107010110947.html
224,浦东,花木,2012-01-07,850,840,1699,1,0,0,暂无数据,2室2厅1厨1卫,112.37㎡,南,有,"单价74754元/平,2016-08-31成交",,中楼层(共13层),https://sh.lianjia.com/chengjiao/107010090836.html
225,浦东,花木,2013-11-04,1260,1220,1316,0,0,0,暂无数据,2室2厅1厨2卫,126.77㎡,西,有,"单价96238元/平,2017-06-12成交",,低楼层(共9层),https://sh.lianjia.com/chengjiao/107001618453.html
226,浦东,花木,2013-11-14,900,850,1317,0,0,0,暂无数据,3室2厅1厨2卫,124.75㎡,南,有,"单价68137元/平,2017-06-23成交",,高楼层(共12层),https://sh.lianjia.com/chengjiao/107001176531.html
227,浦东,花木,2012-01-07,910,870,2078,0,0,0,暂无数据,3室2厅1厨1卫,118㎡,南,有,"单价73729元/平,2017-09-15成交",,中楼层(共14层),https://sh.lianjia.com/chengjiao/107002094357.html
228,浦东,花木,2013-09-25,910,830,1485,0,0,0,暂无数据,3室2厅1厨2卫,124.75㎡,南,有,"单价66534元/平,2017-10-19成交",,中楼层(共12层),https://sh.lianjia.com/chengjiao/107000508829.html
229,浦东,花木,2012-01-07,1125,1108,2007,0,0,0,暂无数据,2室2厅1厨2卫,124.79㎡,南,有,"单价88790元/平,2017-07-06成交",,中楼层(共20层),https://sh.lianjia.com/chengjiao/107000200189.html
230,浦东,花木,2017-12-20,1180,1156,40,0,0,13,5,2室2厅1厨2卫,111.25㎡,南,有,"单价103911元/平,2018-01-29成交",,中楼层(共11层),https://sh.lianjia.com/chengjiao/107000252051.html
231,浦东,花木,2013-09-29,1200,1167,1504,0,0,0,暂无数据,3室2厅1厨2卫,129.86㎡,南,有,"单价89867元/平,2017-11-11成交",,高楼层(共17层),https://sh.lianjia.com/chengjiao/107001722903.html
232,浦东,花木,2018-04-15,1000,975,107,1,0,28,2844,2室2厅1厨1卫,118.86㎡,南,有,"单价82030元/平,2018-07-31成交",,中楼层(共18层),https://sh.lianjia.com/chengjiao/107100205846.html
233,浦东,花木,2017-09-03,1120,1080,210,0,0,37,1476,3室2厅1厨2卫,123.17㎡,暂无数据,有,"单价87684元/平,2018-03-31成交",,中楼层(共7层),https://sh.lianjia.com/chengjiao/107001972499.html
234,浦东,花木,2018-05-24,1200,1170,147,1,0,83,4691,3室2厅1厨2卫,125.03㎡,南,有,"单价93578元/平,2018-10-17成交",,中楼层(共8层),https://sh.lianjia.com/chengjiao/107100315781.html
235,浦东,花木,2018-09-05,1030,1005,55,1,0,36,2425,3室2厅1厨2卫,124.18㎡,南,有,"单价80931元/平,2018-10-30成交",,中楼层(共17层),https://sh.lianjia.com/chengjiao/107100617269.html
236,浦东,花木,2018-08-17,875,855,90,1,0,37,2725,3室2厅1厨2卫,127㎡,南,无,"单价67323元/平,2018-11-15成交",,低楼层(共5层),https://sh.lianjia.com/chengjiao/107100558642.html
237,浦东,花木,2018-10-13,1150,1130,38,1,0,13,1148,2室2厅1厨2卫,110.66㎡,南,有,"单价102115元/平,2018-11-19成交",,中楼层(共18层),https://sh.lianjia.com/chengjiao/107100718318.html
238,浦东,花木,2018-03-18,750,723,261,1,5,64,7413,2室2厅1厨2卫,110.58㎡,南,有,"单价65383元/平,2018-12-04成交",,中楼层(共16层),https://sh.lianjia.com/chengjiao/107100114560.html
239,浦东,花木,2015-07-17,暂无数据,249,512,0,0,0,暂无数据,1室1厅1厨1卫,46.73㎡,北,有,"单价53285元/平,2016-12-10成交",,高楼层(共29层),https://sh.lianjia.com/chengjiao/107010109708.html
240,浦东,花木,2013-11-21,400,396,1192,0,0,0,暂无数据,1室1厅1厨1卫,42.42㎡,南,无,"单价93353元/平,2017-02-25成交",,高楼层(共6层),https://sh.lianjia.com/chengjiao/107001385471.html
241,浦东,花木,2012-01-07,385,368,1915,0,0,0,暂无数据,1室1厅1厨1卫,48.95㎡,暂无数据,无,"单价75179元/平,2017-04-05成交",,高楼层(共6层),https://sh.lianjia.com/chengjiao/107000260365.html
242,浦东,花木,2015-03-21,360,357,707,0,0,0,暂无数据,1室1厅1厨1卫,48.52㎡,南,无,"单价73578元/平,2017-02-25成交",,高楼层(共6层),https://sh.lianjia.com/chengjiao/107000645495.html
243,浦东,花木,2016-02-02,暂无数据,315,312,0,0,0,暂无数据,1室1厅1厨1卫,41㎡,南,无,"单价76830元/平,2016-12-10成交",,中楼层(共6层),https://sh.lianjia.com/chengjiao/107010102434.html
244,浦东,花木,2014-07-08,320,480,1003,0,0,0,暂无数据,1室1厅1厨1卫,41.07㎡,暂无数据,无,"单价116874元/平,2017-04-06成交",,中楼层(共6层),https://sh.lianjia.com/chengjiao/107002081473.html
245,浦东,花木,2013-11-28,445,430,1241,0,0,0,暂无数据,1室1厅1厨1卫,45.07㎡,南,无,"单价95408元/平,2017-04-22成交",,低楼层(共6层),https://sh.lianjia.com/chengjiao/107000050517.html
246,浦东,花木,2015-04-07,140,135,752,0,0,0,暂无数据,1室1厅1厨1卫,37.96㎡,南,暂无数据,"单价35564元/平,2017-04-28成交",,低楼层(共12层),https://sh.lianjia.com/chengjiao/107001268149.html
247,浦东,花木,2015-07-13,265,256,668,0,0,0,暂无数据,1室1厅1厨1卫,46.73㎡,北,有,"单价54783元/平,2017-05-11成交",,中楼层(共29层),https://sh.lianjia.com/chengjiao/107000707493.html
248,浦东,花木,2013-11-28,450,430,1283,0,0,0,暂无数据,1室1厅1厨1卫,48.95㎡,南,无,"单价87845元/平,2017-06-03成交",,中楼层(共6层),https://sh.lianjia.com/chengjiao/107001752329.html
249,浦东,花木,2014-08-28,345,315,996,0,0,0,暂无数据,1室1厅1厨1卫,41.05㎡,暂无数据,无,"单价76736元/平,2017-05-20成交",,低楼层(共6层),https://sh.lianjia.com/chengjiao/107001278049.html
250,浦东,花木,2013-11-21,460,453,1299,0,0,0,暂无数据,1室1厅1厨1卫,46.29㎡,暂无数据,无,"单价97862元/平,2017-06-12成交",,中楼层(共6层),https://sh.lianjia.com/chengjiao/107002023247.html
251,浦东,花木,2012-01-07,460,412,1951,0,0,0,暂无数据,1室1厅1厨1卫,46.71㎡,南,无,"单价88204元/平,2017-05-11成交",,中楼层(共6层),https://sh.lianjia.com/chengjiao/107000222553.html
252,浦东,花木,2013-11-21,460,451,1332,0,0,0,暂无数据,1室1厅1厨1卫,46.29㎡,南,无,"单价97430元/平,2017-07-15成交",,低楼层(共6层),https://sh.lianjia.com/chengjiao/107001145837.html
253,浦东,花木,2015-07-17,250,235,764,0,0,0,暂无数据,1室1厅1厨1卫,48.9㎡,西,有,"单价48058元/平,2017-08-19成交",,中楼层(共29层),https://sh.lianjia.com/chengjiao/107002082335.html
254,浦东,花木,2013-07-21,450,426,1497,0,0,0,暂无数据,1室1厅1厨1卫,48.95㎡,南,无,"单价87028元/平,2017-08-26成交",,高楼层(共6层),https://sh.lianjia.com/chengjiao/107000472703.html
255,浦东,花木,2013-11-21,430,410,1380,0,0,0,暂无数据,1室1厅1厨1卫,42.42㎡,暂无数据,无,"单价96653元/平,2017-09-01成交",,高楼层(共6层),https://sh.lianjia.com/chengjiao/107001198709.html
256,浦东,花木,2014-08-10,348,330.5,1169,0,0,0,暂无数据,1室1厅1厨1卫,38㎡,南,无,"单价86974元/平,2017-10-22成交",,高楼层(共6层),https://sh.lianjia.com/chengjiao/107000603311.html
257,浦东,花木,2013-11-29,255,245,1384,0,0,0,暂无数据,1室1厅1厨1卫,49.27㎡,西,有,"单价49726元/平,2017-09-13成交",,低楼层(共29层),https://sh.lianjia.com/chengjiao/107000010821.html
258,浦东,花木,2017-11-19,320,310,55,0,0,7,暂无数据,1室1厅1厨1卫,37.74㎡,南,无,"单价82141元/平,2018-01-13成交",,高楼层(共6层),https://sh.lianjia.com/chengjiao/107002260341.html
259,浦东,花木,2017-09-10,300,295,135,0,0,70,2,1室1厅1厨1卫,37.75㎡,南,无,"单价78146元/平,2018-01-23成交",,高楼层(共6层),https://sh.lianjia.com/chengjiao/107002169229.html
260,浦东,花木,2013-11-28,430,407,1483,0,0,0,暂无数据,1室1厅1厨1卫,47.68㎡,南,无,"单价85361元/平,2017-12-20成交",,高楼层(共6层),https://sh.lianjia.com/chengjiao/107001089405.html
261,浦东,花木,2017-10-28,255,249,92,0,0,13,3,1室1厅1厨1卫,48.94㎡,西,有,"单价50879元/平,2018-01-28成交",,高楼层(共29层),https://sh.lianjia.com/chengjiao/107002231633.html
262,浦东,花木,2017-11-18,270,245,118,1,0,68,1444,1室1厅1厨1卫,39.73㎡,南,无,"单价61667元/平,2018-03-16成交",,高楼层(共6层),https://sh.lianjia.com/chengjiao/107000617939.html
263,浦东,花木,2018-01-24,251,239,75,1,0,306,10836,1室1厅1厨1卫,48.31㎡,东,有,"单价49473元/平,2018-04-08成交",,低楼层(共29层),https://sh.lianjia.com/chengjiao/107002339639.html
264,浦东,花木,2017-11-19,480,453,152,0,0,9,1673,1室1厅1厨1卫,46.29㎡,南,无,"单价97862元/平,2018-04-20成交",,中楼层(共6层),https://sh.lianjia.com/chengjiao/107002261245.html
265,浦东,花木,2018-06-05,430,425,25,0,0,15,655,1室1厅1厨1卫,42.61㎡,南,无,"单价99742元/平,2018-06-29成交",,中楼层(共6层),https://sh.lianjia.com/chengjiao/107100351836.html
266,浦东,花木,2018-05-27,250,248,117,1,0,43,3050,1室1厅1厨1卫,48.94㎡,西,有,"单价50675元/平,2018-09-21成交",,高楼层(共29层),https://sh.lianjia.com/chengjiao/107100325749.html
267,浦东,花木,2018-10-18,418,409,26,0,0,11,793,1室1厅1厨1卫,42.61㎡,南,无,"单价95987元/平,2018-11-13成交",,高楼层(共6层),https://sh.lianjia.com/chengjiao/107100733286.html
268,浦东,花木,2012-01-07,1,381,206,1,0,0,暂无数据,2室2厅1厨1卫,96.16㎡,南,有,"单价39622元/平,2012-07-30成交",,中楼层(共10层),https://sh.lianjia.com/chengjiao/107010000983.html
269,浦东,花木,2012-01-07,8000,5050,353,0,0,0,暂无数据,5室2厅1厨3卫,485.53㎡,南,无,"单价104011元/平,2012-12-25成交",,低楼层(共3层),https://sh.lianjia.com/chengjiao/107010001806.html
270,浦东,花木,2012-01-07,2100,890,374,1,0,0,暂无数据,4室2厅1厨2卫,197㎡,南,有,"单价45178元/平,2013-01-14成交",,中楼层(共7层),https://sh.lianjia.com/chengjiao/107010001950.html
271,浦东,花木,2015-01-08,364,359.5,205,0,0,0,暂无数据,2室2厅1厨1卫,76.07㎡,南,无,"单价47260元/平,2015-08-01成交",,高楼层(共6层),https://sh.lianjia.com/chengjiao/107010021073.html
272,浦东,花木,2015-04-13,300,285,111,0,0,0,暂无数据,0室0厅1厨0卫,72.77㎡,暂无数据,无,"单价39165元/平,2015-08-02成交",,低楼层(共6层),https://sh.lianjia.com/chengjiao/107010021898.html
273,浦东,花木,2012-01-07,530,525,1175,1,0,0,暂无数据,2室2厅1厨1卫,109.99㎡,南,有,"单价47732元/平,2015-03-27成交",,中楼层(共13层),https://sh.lianjia.com/chengjiao/107010011476.html
274,浦东,花木,2014-04-24,暂无数据,515,339,0,0,0,暂无数据,2室2厅1厨1卫,96.58㎡,南,无,"单价53324元/平,2015-03-29成交",,高楼层(共6层),https://sh.lianjia.com/chengjiao/107010011296.html
275,浦东,花木,2015-03-26,440,430,521,1,0,0,暂无数据,2室1厅1厨1卫,67.19㎡,南,无,"单价63998元/平,2016-08-28成交",,高楼层(共6层),https://sh.lianjia.com/chengjiao/107010093745.html
276,浦东,花木,2013-11-19,530,506,1013,1,0,0,暂无数据,2室1厅1厨1卫,66.05㎡,南,无,"单价76609元/平,2016-08-28成交",,高楼层(共6层),https://sh.lianjia.com/chengjiao/107010095131.html
277,浦东,花木,2013-11-21,425,413.6,1009,0,0,0,暂无数据,2室1厅1厨1卫,60.33㎡,南,无,"单价68557元/平,2016-08-26成交",,高楼层(共6层),https://sh.lianjia.com/chengjiao/107010091217.html
278,浦东,花木,2013-11-29,暂无数据,380,1006,1,0,0,暂无数据,2室1厅1厨1卫,56.9㎡,南,无,"单价66784元/平,2016-08-31成交",,中楼层(共6层),https://sh.lianjia.com/chengjiao/107010095252.html
279,浦东,花木,2013-09-08,暂无数据,1450,740,1,0,0,暂无数据,3室2厅1厨3卫,171.89㎡,北,无,"单价84357元/平,2015-09-18成交",,低楼层(共2层),https://sh.lianjia.com/chengjiao/107010025170.html
280,浦东,花木,2013-10-10,606,606,892,1,0,0,暂无数据,3室2厅1厨1卫,94.99㎡,南,无,"单价63797元/平,2016-03-20成交",,低楼层(共6层),https://sh.lianjia.com/chengjiao/107010061051.html
281,浦东,花木,2013-10-10,620,610,896,0,0,0,暂无数据,3室2厅1厨2卫,92.63㎡,暂无数据,无,"单价65854元/平,2016-03-24成交",,高楼层(共6层),https://sh.lianjia.com/chengjiao/107010065901.html
282,浦东,花木,2014-03-16,730,680,765,0,0,0,暂无数据,3室1厅1厨1卫,104.09㎡,南,有,"单价65329元/平,2016-04-19成交",,高楼层(共16层),https://sh.lianjia.com/chengjiao/107010072169.html
283,浦东,花木,2012-01-07,暂无数据,915,1647,0,0,0,暂无数据,2室2厅1厨1卫,105.39㎡,南,有,"单价86821元/平,2016-07-10成交",,低楼层(共29层),https://sh.lianjia.com/chengjiao/107010077805.html
284,浦东,花木,2013-10-17,400,400,1346,0,0,0,暂无数据,2室1厅1厨1卫,61.25㎡,南,无,"单价65307元/平,2017-06-24成交",,低楼层(共6层),https://sh.lianjia.com/chengjiao/107002008891.html
285,浦东,花木,2015-04-08,680,679,479,0,0,0,暂无数据,3室2厅1厨1卫,94.87㎡,南,无,"单价71572元/平,2016-07-30成交",,高楼层(共6层),https://sh.lianjia.com/chengjiao/107010080556.html
286,浦东,花木,2012-09-20,538,529,1851,0,0,0,暂无数据,1室1厅1厨1卫,56㎡,南,无,"单价94465元/平,2017-10-15成交",,中楼层(共6层),https://sh.lianjia.com/chengjiao/107000408747.html
287,浦东,花木,2013-11-21,440,430,1424,0,0,0,暂无数据,2室1厅1厨1卫,54.36㎡,暂无数据,无,"单价79103元/平,2017-10-15成交",,低楼层(共6层),https://sh.lianjia.com/chengjiao/107001221867.html
288,浦东,花木,2013-11-29,315,299,1421,0,0,0,暂无数据,1室1厅1厨1卫,62.03㎡,北,有,"单价48203元/平,2017-10-20成交",,中楼层(共29层),https://sh.lianjia.com/chengjiao/107001471753.html
289,浦东,花木,2013-10-10,445,437,1493,0,0,0,暂无数据,1室1厅1厨1卫,50.98㎡,南,无,"单价85720元/平,2017-11-11成交",,中楼层(共6层),https://sh.lianjia.com/chengjiao/107002032177.html
290,浦东,花木,2013-10-10,448,425,1480,0,0,0,暂无数据,1室1厅1厨1卫,50.28㎡,南,无,"单价84527元/平,2017-10-29成交",,高楼层(共6层),https://sh.lianjia.com/chengjiao/107001235857.html
291,浦东,花木,2014-03-19,460,448,1362,0,0,0,暂无数据,2室2厅1厨1卫,66.34㎡,南,无,"单价67531元/平,2017-12-10成交",,高楼层(共6层),https://sh.lianjia.com/chengjiao/107000566593.html
292,浦东,花木,2015-03-26,466,433,961,0,0,0,暂无数据,2室1厅1厨1卫,69.39㎡,南,无,"单价62401元/平,2017-11-11成交",,高楼层(共6层),https://sh.lianjia.com/chengjiao/107001402993.html
293,浦东,花木,2017-07-22,455,436,148,0,0,43,暂无数据,1室1厅1厨1卫,50.28㎡,南,无,"单价86715元/平,2017-12-17成交",,中楼层(共6层),https://sh.lianjia.com/chengjiao/107001629961.html
294,浦东,花木,2017-10-23,450,446,96,0,0,0,暂无数据,2室1厅1厨1卫,66.02㎡,南,无,"单价67556元/平,2018-01-27成交",,低楼层(共6层),https://sh.lianjia.com/chengjiao/107001987353.html
295,浦东,花木,2017-11-29,440,418,59,0,0,15,暂无数据,1室1厅1厨1卫,50.51㎡,南,无,"单价82756元/平,2018-01-27成交",,高楼层(共6层),https://sh.lianjia.com/chengjiao/107002122247.html
296,浦东,花木,2017-05-27,390,398,246,0,0,41,暂无数据,2室1厅1厨1卫,56.9㎡,南,无,"单价69948元/平,2018-01-28成交",,高楼层(共6层),https://sh.lianjia.com/chengjiao/107001390091.html
297,浦东,花木,2017-11-27,398,390,73,0,0,20,暂无数据,2室1厅1厨1卫,56.9㎡,南,无,"单价68542元/平,2018-02-07成交",,中楼层(共6层),https://sh.lianjia.com/chengjiao/107002270513.html
298,浦东,花木,2017-03-25,580,565,344,0,0,36,684,2室1厅1厨1卫,67.08㎡,南,无,"单价84228元/平,2018-03-04成交",,中楼层(共6层),https://sh.lianjia.com/chengjiao/107001448989.html
299,浦东,花木,2017-08-06,445,439,217,0,0,48,719,1室1厅1厨1卫,50.28㎡,南,无,"单价87312元/平,2018-03-11成交",,高楼层(共6层),https://sh.lianjia.com/chengjiao/107002115903.html
300,浦东,花木,2017-12-28,450,437,81,0,0,31,915,2室2厅1厨1卫,61.44㎡,南,无,"单价71127元/平,2018-03-19成交",,中楼层(共6层),https://sh.lianjia.com/chengjiao/107002308823.html
301,浦东,花木,2015-03-26,495,470,975,0,0,0,暂无数据,2室1厅1厨1卫,67.43㎡,南,无,"单价69702元/平,2017-11-25成交",,中楼层(共6层),https://sh.lianjia.com/chengjiao/107002095025.html
302,浦东,花木,2017-10-29,420,407,146,1,0,100,1668,2室1厅1厨1卫,66.02㎡,南,无,"单价61648元/平,2018-03-23成交",,低楼层(共6层),https://sh.lianjia.com/chengjiao/107002233015.html
303,浦东,花木,2018-03-25,460,452,40,0,0,45,1485,2室1厅1厨1卫,68.34㎡,南,无,"单价66140元/平,2018-05-03成交",,中楼层(共6层),https://sh.lianjia.com/chengjiao/107100136830.html
304,浦东,花木,2018-03-03,490,469,66,0,0,7,878,2室1厅1厨1卫,68.34㎡,南,无,"单价68628元/平,2018-05-07成交",,高楼层(共6层),https://sh.lianjia.com/chengjiao/107100054754.html
305,浦东,花木,2018-01-19,310,280,129,1,0,194,2835,1室1厅1厨1卫,62.03㎡,北,有,"单价45140元/平,2018-05-27成交",,高楼层(共29层),https://sh.lianjia.com/chengjiao/107001652207.html
306,浦东,花木,2018-05-10,480,472,26,0,0,2,366,2室1厅1厨1卫,64.57㎡,南,无,"单价73099元/平,2018-06-05成交",,中楼层(共6层),https://sh.lianjia.com/chengjiao/107100276960.html
307,浦东,花木,2018-03-25,530,515.5,67,1,0,18,1366,2室1厅1厨1卫,62.03㎡,南 西南,无,"单价83105元/平,2018-05-30成交",,低楼层(共6层),https://sh.lianjia.com/chengjiao/107100136633.html
308,浦东,花木,2018-06-16,455,450,8,0,0,4,255,2室1厅1厨1卫,67.94㎡,南,无,"单价66235元/平,2018-06-23成交",,中楼层(共6层),https://sh.lianjia.com/chengjiao/107100383433.html
309,浦东,花木,2017-11-12,300,275,230,0,0,119,3030,1室1厅1厨1卫,62.03㎡,北,有,"单价44334元/平,2018-06-30成交",,高楼层(共29层),https://sh.lianjia.com/chengjiao/107002251267.html
310,浦东,花木,2018-04-16,290,270,77,1,0,145,2067,1室1厅1厨1卫,62.7㎡,北,有,"单价43063元/平,2018-07-01成交",,中楼层(共29层),https://sh.lianjia.com/chengjiao/107100206610.html
311,浦东,花木,2017-12-30,530,508,227,1,0,138,5902,1室1厅1厨1卫,64.8㎡,南,有,"单价78396元/平,2018-08-13成交",,低楼层(共7层),https://sh.lianjia.com/chengjiao/107001274757.html
312,浦东,花木,2018-07-04,580,500,87,0,0,14,2391,2室1厅1厨1卫,66.05㎡,南,无,"单价75701元/平,2018-09-28成交",,高楼层(共6层),https://sh.lianjia.com/chengjiao/107100434984.html
313,浦东,花木,2018-11-03,430,420,19,1,0,30,959,2室1厅1厨1卫,63.68㎡,南,无,"单价65955元/平,2018-11-21成交",,高楼层(共6层),https://sh.lianjia.com/chengjiao/107100778933.html
314,浦东,花木,2018-06-10,400,392,180,1,3,88,3486,1室1厅1厨1卫,50.28㎡,南,无,"单价77964元/平,2018-12-06成交",,高楼层(共6层),https://sh.lianjia.com/chengjiao/107100367229.html
315,浦东,花木,2014-04-24,暂无数据,655,880,1,0,0,暂无数据,2室2厅1厨1卫,95.16㎡,南,无,"单价68832元/平,2016-09-20成交",,中楼层(共6层),https://sh.lianjia.com/chengjiao/107010100901.html
316,浦东,花木,2012-01-07,930,896,1725,0,0,0,暂无数据,2室2厅1厨1卫,95.3㎡,南,有,"单价94019元/平,2016-09-26成交",,低楼层(共11层),https://sh.lianjia.com/chengjiao/107010092185.html
317,浦东,花木,2013-11-29,暂无数据,790,1051,1,0,0,暂无数据,3室2厅1厨1卫,98.1㎡,南,无,"单价80531元/平,2016-10-15成交",,高楼层(共6层),https://sh.lianjia.com/chengjiao/107010099051.html
318,浦东,花木,2012-01-07,暂无数据,850,1745,1,0,0,暂无数据,2室2厅1厨2卫,109.58㎡,南,有,"单价77569元/平,2016-10-16成交",,低楼层(共13层),https://sh.lianjia.com/chengjiao/107010104138.html
319,浦东,花木,2015-03-26,760,710,578,0,0,0,暂无数据,3室2厅1厨1卫,104.7㎡,南,无,"单价67813元/平,2016-10-24成交",,中楼层(共7层),https://sh.lianjia.com/chengjiao/107010096646.html
320,浦东,花木,2013-11-21,670,665,1074,0,0,0,暂无数据,3室1厅1厨1卫,99.35㎡,南,无,"单价66936元/平,2016-10-30成交",,中楼层(共6层),https://sh.lianjia.com/chengjiao/107010107579.html
321,浦东,花木,2013-10-10,670,667,1220,0,0,0,暂无数据,3室2厅1厨1卫,93.6㎡,南,无,"单价71261元/平,2017-02-11成交",,中楼层(共6层),https://sh.lianjia.com/chengjiao/107001681845.html
322,浦东,花木,2013-10-10,暂无数据,662.5,1145,0,0,0,暂无数据,3室2厅1厨1卫,93.71㎡,南,无,"单价70697元/平,2016-11-28成交",,高楼层(共6层),https://sh.lianjia.com/chengjiao/107010107359.html
323,浦东,花木,2015-03-23,630,620,790,0,0,0,暂无数据,2室1厅1厨1卫,104.2㎡,南,无,"单价59501元/平,2017-05-21成交",,中楼层(共6层),https://sh.lianjia.com/chengjiao/107001329321.html
324,浦东,花木,2013-11-03,700,695,1238,0,0,0,暂无数据,2室2厅1厨1卫,90.82㎡,南,无,"单价76525元/平,2017-03-25成交",,低楼层(共6层),https://sh.lianjia.com/chengjiao/107000529431.html
325,浦东,花木,2015-04-09,670,639,792,0,0,0,暂无数据,3室2厅1厨1卫,92.01㎡,南,无,"单价69449元/平,2017-06-09成交",,高楼层(共6层),https://sh.lianjia.com/chengjiao/107001146077.html
326,浦东,花木,2012-01-07,1010,945,1998,0,0,0,暂无数据,2室2厅1厨1卫,95.68㎡,南,有,"单价98767元/平,2017-06-27成交",,中楼层(共14层),https://sh.lianjia.com/chengjiao/107000169323.html
327,浦东,花木,2015-05-05,1050,1038,800,0,0,0,暂无数据,2室2厅1厨1卫,98.44㎡,南,有,"单价105445元/平,2017-07-13成交",,低楼层(共23层),https://sh.lianjia.com/chengjiao/107002030415.html
328,浦东,花木,2013-11-21,680,665,1349,0,0,0,暂无数据,3室1厅1厨1卫,92.89㎡,南,无,"单价71591元/平,2017-08-01成交",,高楼层(共6层),https://sh.lianjia.com/chengjiao/107002042157.html
329,浦东,花木,2014-04-24,640,629,1199,0,0,0,暂无数据,2室2厅1厨1卫,96.58㎡,南,无,"单价65128元/平,2017-08-05成交",,中楼层(共6层),https://sh.lianjia.com/chengjiao/107000581195.html
330,浦东,花木,2013-11-29,850,820,1430,0,0,0,暂无数据,3室2厅1厨1卫,101.48㎡,南,无,"单价80805元/平,2017-10-29成交",,中楼层(共6层),https://sh.lianjia.com/chengjiao/107001596769.html
331,浦东,花木,2018-02-23,1030,1030,22,1,0,5,391,2室2厅1厨1卫,98.97㎡,南,有,"单价104072元/平,2018-03-16成交",,高楼层(共12层),https://sh.lianjia.com/chengjiao/107100020577.html
332,浦东,花木,2017-05-05,720,720,257,0,0,266,暂无数据,3室2厅1厨1卫,99.58㎡,暂无数据,无,"单价72304元/平,2018-01-17成交",,高楼层(共6层),https://sh.lianjia.com/chengjiao/107000609709.html
333,浦东,花木,2018-06-20,780,775,23,1,0,25,1401,3室1厅1厨1卫,106.51㎡,南,无,"单价72764元/平,2018-07-12成交",,低楼层(共6层),https://sh.lianjia.com/chengjiao/107100394015.html
334,浦东,花木,2018-03-30,1050,1035,3,0,0,0,暂无数据,2室2厅2厨1卫,97.03㎡,南,有,"单价106669元/平,2018-04-01成交",,中楼层(共13层),https://sh.lianjia.com/chengjiao/107100152029.html
335,浦东,花木,2017-10-19,950,900,292,1,0,16,1175,2室2厅1厨1卫,104.39㎡,暂无数据,有,"单价86216元/平,2018-08-06成交",,高楼层(共17层),https://sh.lianjia.com/chengjiao/107002219681.html
336,浦东,花木,2018-06-05,660,632,56,1,0,114,1381,3室2厅1厨1卫,93.22㎡,南,无,"单价67797元/平,2018-07-30成交",,高楼层(共6层),https://sh.lianjia.com/chengjiao/107100351728.html
337,浦东,花木,2018-05-08,655,645,127,1,0,135,4850,3室1厅1厨1卫,93.59㎡,南 北,无,"单价68918元/平,2018-09-12成交",,中楼层(共6层),https://sh.lianjia.com/chengjiao/107100272629.html
338,浦东,花木,2018-03-28,800,780,170,1,0,31,1944,3室1厅1厨1卫,101.48㎡,南,无,"单价76863元/平,2018-09-14成交",,中楼层(共6层),https://sh.lianjia.com/chengjiao/107100148619.html
339,浦东,花木,2018-06-07,625,603,186,1,7,138,5114,3室2厅1厨2卫,94.99㎡,南,无,"单价63481元/平,2018-12-10成交",,高楼层(共6层),https://sh.lianjia.com/chengjiao/107100358813.html
340,浦东,花木,2012-01-07,920,910,1355,1,0,0,暂无数据,4室2厅1厨3卫,179.46㎡,南,有,"单价50708元/平,2015-09-23成交",,低楼层(共23层),https://sh.lianjia.com/chengjiao/107010027629.html
341,浦东,花木,2014-01-06,4000,3800,626,0,0,0,暂无数据,5室3厅1厨4卫,316.52㎡,北,无,"单价120056元/平,2015-09-24成交",,低楼层(共3层),https://sh.lianjia.com/chengjiao/107010025656.html
342,浦东,花木,2012-08-15,暂无数据,2650,1145,1,0,0,暂无数据,4室2厅1厨4卫,309.87㎡,南,无,"单价85520元/平,2015-10-04成交",,低楼层(共3层),https://sh.lianjia.com/chengjiao/107010029492.html
343,浦东,花木,2012-01-07,1260,1090,1383,1,0,0,暂无数据,4室2厅1厨2卫,180.56㎡,南,有,"单价60368元/平,2015-10-21成交",,中楼层(共23层),https://sh.lianjia.com/chengjiao/107010026918.html
344,浦东,花木,2012-01-07,暂无数据,3150,1368,1,0,0,暂无数据,4室3厅1厨4卫,376.15㎡,南,无,"单价83744元/平,2015-10-06成交",,低楼层(共3层),https://sh.lianjia.com/chengjiao/107010018106.html
345,浦东,花木,2012-01-07,暂无数据,6250,1377,1,0,0,暂无数据,6室3厅1厨5卫,485.53㎡,南,无,"单价128726元/平,2015-10-15成交",,低楼层(共2层),https://sh.lianjia.com/chengjiao/107010024095.html
346,浦东,花木,2012-01-07,暂无数据,1600,1393,0,0,0,暂无数据,3室2厅1厨3卫,171.89㎡,南,无,"单价93083元/平,2015-10-31成交",,低楼层(共2层),https://sh.lianjia.com/chengjiao/107010030319.html
347,浦东,花木,2013-11-14,660,650,725,1,0,0,暂无数据,3室2厅1厨2卫,170.86㎡,南,有,"单价38043元/平,2015-11-09成交",,低楼层(共18层),https://sh.lianjia.com/chengjiao/107010033363.html
348,浦东,花木,2012-01-07,1300,1300,1390,0,0,0,暂无数据,4室2厅1厨2卫,189.4㎡,南,有,"单价68638元/平,2015-10-28成交",,中楼层(共33层),https://sh.lianjia.com/chengjiao/107010033511.html
349,浦东,花木,2012-01-07,暂无数据,1375,1410,0,0,0,暂无数据,3室2厅1厨3卫,171.89㎡,南,无,"单价79994元/平,2015-11-17成交",,低楼层(共2层),https://sh.lianjia.com/chengjiao/107010037114.html
350,浦东,花木,2012-01-07,1500,1398,1417,1,0,0,暂无数据,4室2厅1厨2卫,225㎡,南,有,"单价62134元/平,2015-11-24成交",,高楼层(共30层),https://sh.lianjia.com/chengjiao/107010039125.html
351,浦东,花木,2012-09-27,950,940,1158,1,0,0,暂无数据,3室2厅1厨2卫,150.04㎡,南,有,"单价62650元/平,2015-11-29成交",,低楼层(共17层),https://sh.lianjia.com/chengjiao/107010036563.html
352,浦东,花木,2012-01-07,1070,1040,1427,1,0,0,暂无数据,0室0厅1厨0卫,153.42㎡,暂无数据,有,"单价67788元/平,2015-12-04成交",,中楼层(共18层),https://sh.lianjia.com/chengjiao/107010040442.html
353,浦东,花木,2012-03-01,暂无数据,1374,1398,1,0,0,暂无数据,4室2厅1厨2卫,212.65㎡,南,有,"单价64614元/平,2015-12-29成交",,高楼层(共21层),https://sh.lianjia.com/chengjiao/107010048134.html
354,浦东,花木,2013-11-04,暂无数据,2565,758,1,0,0,暂无数据,4室2厅1厨4卫,246.26㎡,南,无,"单价104159元/平,2015-12-02成交",,低楼层(共3层),https://sh.lianjia.com/chengjiao/107010039133.html
355,浦东,花木,2012-01-07,1350,1300,1454,1,0,0,暂无数据,4室2厅1厨3卫,212.65㎡,南,有,"单价61134元/平,2015-12-31成交",,中楼层(共21层),https://sh.lianjia.com/chengjiao/107010050472.html
356,浦东,花木,2015-01-29,600,560,309,1,0,0,暂无数据,3室2厅1厨2卫,152.65㎡,南,无,"单价36686元/平,2015-12-04成交",,中楼层(共6层),https://sh.lianjia.com/chengjiao/107010040870.html
357,浦东,花木,2012-01-07,1220,1220,1464,1,0,0,暂无数据,0室0厅1厨0卫,189.6㎡,暂无数据,有,"单价64346元/平,2016-01-09成交",,低楼层(共35层),https://sh.lianjia.com/chengjiao/107010051185.html
358,浦东,花木,2012-09-27,1200,1150,1199,0,0,0,暂无数据,0室0厅1厨0卫,173.11㎡,暂无数据,有,"单价66432元/平,2016-01-09成交",,中楼层(共22层),https://sh.lianjia.com/chengjiao/107010049714.html
359,浦东,花木,2012-01-07,1100,1060,1465,1,0,0,暂无数据,4室2厅1厨2卫,166.46㎡,南,有,"单价63679元/平,2016-01-10成交",,高楼层(共18层),https://sh.lianjia.com/chengjiao/107010051259.html
360,浦东,花木,2012-01-07,1400,1448,1471,1,0,0,暂无数据,4室2厅1厨2卫,198.36㎡,南,有,"单价72999元/平,2016-01-16成交",,高楼层(共12层),https://sh.lianjia.com/chengjiao/107010050358.html
361,浦东,花木,2012-01-07,1100,1090,1465,0,0,0,暂无数据,0室0厅1厨0卫,166.35㎡,暂无数据,有,"单价65525元/平,2016-01-10成交",,高楼层(共18层),https://sh.lianjia.com/chengjiao/107010048328.html
362,浦东,花木,2012-01-07,3300,3100,1469,0,0,0,暂无数据,4室2厅1厨3卫,285.17㎡,南,无,"单价108708元/平,2016-01-14成交",,低楼层(共2层),https://sh.lianjia.com/chengjiao/107010051479.html
363,浦东,花木,2013-09-25,暂无数据,1530,874,0,0,0,暂无数据,4室2厅1厨4卫,188.44㎡,南,有,"单价81193元/平,2016-02-16成交",,低楼层(共7层),https://sh.lianjia.com/chengjiao/107010055806.html
364,浦东,花木,2012-01-07,暂无数据,1550,1475,0,0,0,暂无数据,4室2厅1厨3卫,228.79㎡,南,有,"单价67748元/平,2016-01-20成交",,中楼层(共30层),https://sh.lianjia.com/chengjiao/107010056277.html
365,浦东,花木,2012-01-07,1080,1080,1516,1,0,0,暂无数据,3室2厅1厨2卫,166.38㎡,南,暂无数据,"单价64912元/平,2016-03-01成交",,低楼层(共18层),https://sh.lianjia.com/chengjiao/107010052373.html
366,浦东,花木,2012-06-01,3600,3450,1357,1,0,0,暂无数据,5室3厅1厨4卫,301.44㎡,南,无,"单价114451元/平,2016-02-18成交",,低楼层(共3层),https://sh.lianjia.com/chengjiao/107010041803.html
367,浦东,花木,2012-01-07,1,3183,1525,0,0,0,暂无数据,4室2厅1厨4卫,278.91㎡,北,无,"单价114123元/平,2016-03-10成交",,低楼层(共3层),https://sh.lianjia.com/chengjiao/107010060051.html
368,浦东,花木,2013-11-14,960,948,851,1,0,0,暂无数据,0室0厅1厨0卫,170.86㎡,暂无数据,有,"单价55485元/平,2016-03-14成交",,中楼层(共18层),https://sh.lianjia.com/chengjiao/107010061886.html
369,浦东,花木,2014-04-16,425,395,893,1,0,0,暂无数据,2室1厅1厨1卫,51.97㎡,南,无,"单价76006元/平,2016-09-25成交",,低楼层(共6层),https://sh.lianjia.com/chengjiao/107010100476.html
370,浦东,花木,2015-03-26,428,415,526,0,0,0,暂无数据,2室2厅1厨1卫,66.02㎡,南,无,"单价62860元/平,2016-09-02成交",,中楼层(共6层),https://sh.lianjia.com/chengjiao/107010092700.html
371,浦东,花木,2013-10-20,暂无数据,425,1074,1,0,0,暂无数据,2室1厅1厨1卫,54.25㎡,南,无,"单价78342元/平,2016-09-28成交",,高楼层(共6层),https://sh.lianjia.com/chengjiao/107010102055.html
372,浦东,花木,2015-03-26,420,424,550,0,0,0,暂无数据,2室1厅1厨1卫,68㎡,南,无,"单价62353元/平,2016-09-26成交",,高楼层(共6层),https://sh.lianjia.com/chengjiao/107010103173.html
373,浦东,花木,2015-07-20,175,130,479,1,0,0,暂无数据,1室1厅1厨1卫,55.64㎡,西南,暂无数据,"单价23365元/平,2016-11-10成交",,中楼层(共12层),https://sh.lianjia.com/chengjiao/107010107913.html
374,浦东,花木,2015-04-08,450,446,565,1,0,0,暂无数据,1室1厅1厨1卫,51.8㎡,南,无,"单价86101元/平,2016-10-24成交",,中楼层(共6层),https://sh.lianjia.com/chengjiao/107010103868.html
375,浦东,花木,2015-03-26,暂无数据,410,627,1,0,0,暂无数据,2室1厅1厨1卫,66.02㎡,南,无,"单价62103元/平,2016-12-12成交",,低楼层(共6层),https://sh.lianjia.com/chengjiao/107010110545.html
376,浦东,花木,2015-04-10,468,463,683,0,0,0,暂无数据,1室1厅1厨1卫,57.51㎡,暂无数据,有,"单价80508元/平,2017-02-21成交",,低楼层(共16层),https://sh.lianjia.com/chengjiao/107001801437.html
377,浦东,花木,2014-05-02,380,370,1016,0,0,0,暂无数据,1室1厅1厨1卫,50.17㎡,东南,无,"单价73750元/平,2017-02-11成交",,高楼层(共6层),https://sh.lianjia.com/chengjiao/107000582875.html
378,浦东,花木,2014-09-17,480,458,893,0,0,0,暂无数据,1室1厅1厨1卫,51.38㎡,南,无,"单价89140元/平,2017-02-26成交",,高楼层(共6层),https://sh.lianjia.com/chengjiao/107001148123.html
379,浦东,花木,2013-11-29,320,306,1202,0,0,0,暂无数据,1室1厅1厨1卫,62.7㎡,北,有,"单价48804元/平,2017-03-15成交",,中楼层(共29层),https://sh.lianjia.com/chengjiao/107001592785.html
380,浦东,花木,2013-11-28,510,494,1207,0,0,0,暂无数据,2室1厅1厨1卫,65.31㎡,南,无,"单价75640元/平,2017-03-19成交",,高楼层(共6层),https://sh.lianjia.com/chengjiao/107001980979.html
381,浦东,花木,2015-05-11,485,474,682,0,0,0,暂无数据,2室2厅1厨1卫,66.74㎡,南,无,"单价71022元/平,2017-03-23成交",,低楼层(共6层),https://sh.lianjia.com/chengjiao/107001617027.html
382,浦东,花木,2015-04-13,418,390,705,0,0,0,暂无数据,2室1厅1厨1卫,50.3㎡,南,无,"单价77535元/平,2017-03-18成交",,低楼层(共5层),https://sh.lianjia.com/chengjiao/107001391775.html
383,浦东,花木,2015-04-09,465,465,715,0,0,0,暂无数据,1室1厅1厨1卫,54.11㎡,暂无数据,无,"单价85937元/平,2017-03-24成交",,中楼层(共6层),https://sh.lianjia.com/chengjiao/107000115585.html
384,浦东,花木,2015-05-11,480,465,691,0,0,0,暂无数据,2室1厅1厨1卫,61.42㎡,南,无,"单价75709元/平,2017-04-01成交",,中楼层(共6层),https://sh.lianjia.com/chengjiao/107001115627.html
385,浦东,花木,2013-11-21,415,405,1227,0,0,0,暂无数据,2室1厅1厨1卫,54.35㎡,南,无,"单价74518元/平,2017-04-01成交",,中楼层(共6层),https://sh.lianjia.com/chengjiao/107001485857.html
386,浦东,花木,2016-02-02,445,428,417,0,0,0,暂无数据,2室1厅1厨1卫,54.27㎡,南,无,"单价78865元/平,2017-03-25成交",,高楼层(共6层),https://sh.lianjia.com/chengjiao/107000930805.html
387,浦东,花木,2015-03-26,400,380,741,0,0,0,暂无数据,2室1厅1厨1卫,58.14㎡,南,无,"单价65360元/平,2017-04-05成交",,低楼层(共6层),https://sh.lianjia.com/chengjiao/107001264405.html
388,浦东,花木,2015-05-11,510,480,732,0,0,0,暂无数据,2室1厅1厨1卫,69.17㎡,南,无,"单价69395元/平,2017-05-12成交",,低楼层(共6层),https://sh.lianjia.com/chengjiao/107001597693.html
389,浦东,花木,2015-03-26,460,445,752,0,0,0,暂无数据,2室1厅1厨1卫,66.14㎡,南,无,"单价67282元/平,2017-04-16成交",,高楼层(共6层),https://sh.lianjia.com/chengjiao/107001646557.html
390,浦东,花木,2013-11-21,455,441.5,1249,0,0,0,暂无数据,2室1厅1厨1卫,60.24㎡,南,无,"单价73291元/平,2017-04-23成交",,高楼层(共6层),https://sh.lianjia.com/chengjiao/107001453467.html
391,浦东,花木,2013-09-30,440,431,1323,0,0,0,暂无数据,1室1厅1厨1卫,50.28㎡,南,无,"单价85720元/平,2017-05-15成交",,高楼层(共6层),https://sh.lianjia.com/chengjiao/107001370851.html
392,浦东,花木,2015-04-08,450,432,771,0,0,0,暂无数据,1室1厅1厨1卫,51.8㎡,暂无数据,无,"单价83398元/平,2017-05-18成交",,高楼层(共6层),https://sh.lianjia.com/chengjiao/107001334655.html
393,浦东,花木,2013-10-10,450,436,1338,0,0,0,暂无数据,1室1厅1厨1卫,50.97㎡,暂无数据,无,"单价85541元/平,2017-06-09成交",,中楼层(共6层),https://sh.lianjia.com/chengjiao/107001071947.html
394,浦东,花木,2013-11-28,568,535,1304,0,0,0,暂无数据,2室1厅1厨1卫,63.11㎡,暂无数据,无,"单价84773元/平,2017-06-24成交",,低楼层(共6层),https://sh.lianjia.com/chengjiao/107001976941.html
395,浦东,花木,2015-07-13,370,245,271,0,0,0,暂无数据,1室1厅1厨1卫,71.21㎡,北,有,"单价34406元/平,2016-04-09成交",,高楼层(共29层),https://sh.lianjia.com/chengjiao/107010069909.html
396,浦东,花木,2015-04-09,暂无数据,543,499,0,0,0,暂无数据,2室1厅1厨1卫,71.75㎡,南,无,"单价75680元/平,2016-08-20成交",,高楼层(共6层),https://sh.lianjia.com/chengjiao/107010083374.html
397,浦东,花木,2013-11-21,暂无数据,579.5,1010,1,0,0,暂无数据,2室2厅1厨1卫,88.31㎡,暂无数据,无,"单价65622元/平,2016-08-27成交",,高楼层(共6层),https://sh.lianjia.com/chengjiao/107010089820.html
398,浦东,花木,2012-01-07,550,542,1723,1,0,0,暂无数据,2室1厅1厨1卫,74.23㎡,南,无,"单价73017元/平,2016-09-24成交",,低楼层(共6层),https://sh.lianjia.com/chengjiao/107010092769.html
399,浦东,花木,2015-04-09,620,605,507,1,0,0,暂无数据,2室1厅1厨1卫,75.68㎡,南,无,"单价79942元/平,2016-08-28成交",,中楼层(共6层),https://sh.lianjia.com/chengjiao/107010094879.html
400,浦东,花木,2013-10-10,570,560,1096,1,0,0,暂无数据,2室1厅1厨1卫,76.26㎡,南,无,"单价73433元/平,2016-10-10成交",,低楼层(共6层),https://sh.lianjia.com/chengjiao/107010104379.html
401,浦东,花木,2013-11-21,540,535,1068,0,0,0,暂无数据,2室1厅1厨1卫,73.34㎡,暂无数据,无,"单价72948元/平,2016-10-24成交",,低楼层(共6层),https://sh.lianjia.com/chengjiao/107010107069.html
402,浦东,花木,2014-05-02,640,630,936,1,0,0,暂无数据,2室2厅1厨1卫,89.9㎡,南,无,"单价70078元/平,2016-11-23成交",,低楼层(共5层),https://sh.lianjia.com/chengjiao/107010093170.html
403,浦东,花木,2013-11-14,620,580,1186,0,0,0,暂无数据,2室2厅1厨1卫,88.86㎡,暂无数据,无,"单价65272元/平,2017-02-12成交",,中楼层(共6层),https://sh.lianjia.com/chengjiao/107001203569.html
404,浦东,花木,2015-10-20,暂无数据,430,431,1,0,0,暂无数据,2室1厅1厨1卫,77.77㎡,暂无数据,有,"单价55292元/平,2016-12-24成交",,低楼层(共18层),https://sh.lianjia.com/chengjiao/107010108219.html
405,浦东,花木,2015-10-20,暂无数据,420,425,0,0,0,暂无数据,2室2厅1厨1卫,77.26㎡,东南,有,"单价54362元/平,2016-12-18成交",,低楼层(共18层),https://sh.lianjia.com/chengjiao/107010109901.html
406,浦东,花木,2015-07-17,638,623,588,0,0,0,暂无数据,2室1厅1厨1卫,77.49㎡,南,无,"单价80398元/平,2017-02-24成交",,低楼层(共6层),https://sh.lianjia.com/chengjiao/107000719561.html
407,浦东,花木,2012-11-27,610,583,1572,0,0,0,暂无数据,3室1厅1厨1卫,76.28㎡,南,无,"单价76429元/平,2017-03-18成交",,中楼层(共6层),https://sh.lianjia.com/chengjiao/107000419925.html
408,浦东,花木,2014-08-15,620,620,949,0,0,0,暂无数据,2室1厅1厨1卫,78.65㎡,南,无,"单价78831元/平,2017-03-21成交",,中楼层(共6层),https://sh.lianjia.com/chengjiao/107001152577.html
409,浦东,花木,2015-03-12,520,510,751,0,0,0,暂无数据,2室2厅1厨1卫,72㎡,南,无,"单价70834元/平,2017-04-01成交",,高楼层(共6层),https://sh.lianjia.com/chengjiao/107000638393.html
410,浦东,花木,2013-10-10,470,462,1238,0,0,0,暂无数据,2室1厅1厨2卫,70㎡,南,无,"单价66000元/平,2017-03-01成交",,高楼层(共6层),https://sh.lianjia.com/chengjiao/107001896903.html
411,浦东,花木,2015-02-06,490,475,792,0,0,0,暂无数据,2室1厅1厨1卫,72.37㎡,南,无,"单价65635元/平,2017-04-08成交",,中楼层(共6层),https://sh.lianjia.com/chengjiao/107000628763.html
412,浦东,花木,2013-05-30,635,600,1406,0,0,0,暂无数据,2室2厅1厨1卫,81.87㎡,南,无,"单价73287元/平,2017-04-05成交",,中楼层(共6层),https://sh.lianjia.com/chengjiao/107000460377.html
413,浦东,花木,2015-04-09,610,597,731,0,0,0,暂无数据,2室2厅1厨1卫,76.07㎡,南,无,"单价78481元/平,2017-04-09成交",,中楼层(共6层),https://sh.lianjia.com/chengjiao/107000036657.html
414,浦东,花木,2015-04-10,635,622,737,0,0,0,暂无数据,2室2厅1厨1卫,78.41㎡,暂无数据,无,"单价79327元/平,2017-04-16成交",,中楼层(共6层),https://sh.lianjia.com/chengjiao/107001152387.html
415,浦东,花木,2014-08-15,700,670,1037,0,0,0,暂无数据,2室2厅1厨1卫,78.65㎡,南,无,"单价85188元/平,2017-06-17成交",,中楼层(共6层),https://sh.lianjia.com/chengjiao/107002001887.html
416,浦东,花木,2015-04-08,625,607,813,0,0,0,暂无数据,2室2厅1厨1卫,71.18㎡,南,无,"单价85277元/平,2017-06-29成交",,低楼层(共6层),https://sh.lianjia.com/chengjiao/107002029809.html
417,浦东,花木,2013-10-10,600,588,1297,0,0,0,暂无数据,2室1厅1厨1卫,74.08㎡,暂无数据,无,"单价79374元/平,2017-04-29成交",,高楼层(共6层),https://sh.lianjia.com/chengjiao/107001172941.html
418,浦东,花木,2013-11-28,620,590,1318,0,0,0,暂无数据,3室1厅1厨1卫,81.87㎡,南,无,"单价72066元/平,2017-07-08成交",,高楼层(共6层),https://sh.lianjia.com/chengjiao/107001515101.html
419,浦东,花木,2013-11-29,560,541,1328,0,0,0,暂无数据,3室2厅1厨1卫,81.78㎡,南,无,"单价66154元/平,2017-07-19成交",,高楼层(共6层),https://sh.lianjia.com/chengjiao/107001427647.html
420,浦东,花木,2015-03-26,650,620,842,0,0,0,暂无数据,2室2厅1厨1卫,80.96㎡,南,无,"单价76582元/平,2017-07-15成交",,中楼层(共6层),https://sh.lianjia.com/chengjiao/107001320009.html
421,浦东,花木,2013-10-10,600,570,1281,0,0,0,暂无数据,2室1厅1厨1卫,74.81㎡,南,无,"单价76194元/平,2017-04-13成交",,低楼层(共6层),https://sh.lianjia.com/chengjiao/107001776341.html
422,浦东,花木,2013-10-10,650,598,1381,0,0,0,暂无数据,2室3厅1厨2卫,76.28㎡,暂无数据,无,"单价78396元/平,2017-07-22成交",,高楼层(共6层),https://sh.lianjia.com/chengjiao/107002044817.html
423,浦东,花木,2015-03-26,635,610,856,0,0,0,暂无数据,2室1厅1厨1卫,80.96㎡,南,无,"单价75346元/平,2017-07-29成交",,中楼层(共6层),https://sh.lianjia.com/chengjiao/107001746485.html
424,浦东,花木,2013-11-29,250,238,545,1,0,0,暂无数据,2室2厅1厨1卫,94.13㎡,暂无数据,有,"单价25285元/平,2015-05-28成交",,高楼层(共29层),https://sh.lianjia.com/chengjiao/107010015371.html
425,浦东,花木,2012-01-07,1000,576,1272,1,0,0,暂无数据,2室2厅1厨2卫,108.5㎡,南,有,"单价53088元/平,2015-07-02成交",,低楼层(共11层),https://sh.lianjia.com/chengjiao/107010015267.html
426,浦东,花木,2012-01-07,1000,550,1183,1,0,0,暂无数据,2室2厅1厨1卫,102.02㎡,南,有,"单价53911元/平,2015-04-04成交",,低楼层(共14层),https://sh.lianjia.com/chengjiao/107010011576.html
427,浦东,花木,2015-03-08,610,580,920,0,0,0,暂无数据,2室2厅1厨1卫,80.96㎡,暂无数据,无,"单价71641元/平,2017-09-13成交",,中楼层(共6层),https://sh.lianjia.com/chengjiao/107000646579.html
428,浦东,花木,2014-06-25,暂无数据,367,373,1,0,0,暂无数据,2室2厅1厨1卫,104.58㎡,南,有,"单价35093元/平,2015-07-03成交",,中楼层(共8层),https://sh.lianjia.com/chengjiao/107010017848.html
429,浦东,花木,2013-10-10,485,475,665,0,0,0,暂无数据,0室0厅1厨0卫,93.43㎡,暂无数据,无,"单价50841元/平,2015-08-06成交",,高楼层(共6层),https://sh.lianjia.com/chengjiao/107010021217.html
430,浦东,花木,2014-05-24,385,387,441,0,0,0,暂无数据,3室2厅1厨1卫,108.42㎡,南,有,"单价35695元/平,2015-08-08成交",,低楼层(共8层),https://sh.lianjia.com/chengjiao/107010015006.html
431,浦东,花木,2013-09-29,暂无数据,500,700,0,0,0,暂无数据,2室2厅1厨1卫,90.68㎡,南,无,"单价55139元/平,2015-08-30成交",,低楼层(共5层),https://sh.lianjia.com/chengjiao/107010023085.html
432,浦东,花木,2013-11-21,390,418,654,1,0,0,暂无数据,2室2厅1厨1卫,92.89㎡,南,无,"单价45000元/平,2015-09-06成交",,高楼层(共6层),https://sh.lianjia.com/chengjiao/107010018109.html
433,浦东,花木,2015-03-23,暂无数据,365,205,0,0,0,暂无数据,3室1厅1厨1卫,98.04㎡,南,无,"单价37230元/平,2015-10-14成交",,低楼层(共6层),https://sh.lianjia.com/chengjiao/107010028328.html
434,浦东,花木,2013-10-21,暂无数据,630,730,0,0,0,暂无数据,2室2厅1厨1卫,94.46㎡,南,暂无数据,"单价66695元/平,2015-10-21成交",,低楼层(共18层),https://sh.lianjia.com/chengjiao/107010028288.html
435,浦东,花木,2014-04-24,460,445,546,1,0,0,暂无数据,2室2厅1厨1卫,95.2㎡,南,无,"单价46744元/平,2015-10-22成交",,低楼层(共6层),https://sh.lianjia.com/chengjiao/107010029703.html
436,浦东,花木,2014-06-25,836,445,451,1,0,0,暂无数据,3室2厅1厨1卫,100.38㎡,暂无数据,有,"单价44332元/平,2015-09-19成交",,中楼层(共8层),https://sh.lianjia.com/chengjiao/107010025625.html
437,浦东,花木,2014-06-25,700,410,486,0,0,0,暂无数据,3室2厅1厨1卫,108.42㎡,南,有,"单价37816元/平,2015-10-24成交",,中楼层(共8层),https://sh.lianjia.com/chengjiao/107010023476.html
438,浦东,花木,2012-01-07,760,746,1403,0,0,0,暂无数据,2室2厅1厨1卫,98.64㎡,暂无数据,有,"单价75629元/平,2015-11-10成交",,高楼层(共12层),https://sh.lianjia.com/chengjiao/107010036319.html
439,浦东,花木,2014-06-25,475,455,487,0,0,0,暂无数据,2室2厅1厨1卫,105.79㎡,南,有,"单价43010元/平,2015-10-25成交",,低楼层(共8层),https://sh.lianjia.com/chengjiao/107010031580.html
440,浦东,花木,2012-01-07,750,710,1410,0,0,0,暂无数据,2室2厅1厨1卫,95.43㎡,暂无数据,有,"单价74401元/平,2015-11-17成交",,低楼层(共18层),https://sh.lianjia.com/chengjiao/107010032348.html
441,浦东,花木,2014-06-25,暂无数据,450,529,0,0,0,暂无数据,2室2厅1厨1卫,105.79㎡,南,有,"单价42538元/平,2015-12-06成交",,中楼层(共8层),https://sh.lianjia.com/chengjiao/107010041759.html
442,浦东,花木,2015-04-09,510,506.6,247,0,0,0,暂无数据,3室2厅1厨1卫,92.53㎡,南,无,"单价54750元/平,2015-12-12成交",,高楼层(共6层),https://sh.lianjia.com/chengjiao/107010044829.html
443,浦东,花木,2012-07-14,750,750,1225,0,0,0,暂无数据,2室2厅1厨1卫,97.04㎡,南,有,"单价77288元/平,2015-11-21成交",,高楼层(共11层),https://sh.lianjia.com/chengjiao/107010035363.html
444,浦东,花木,2013-11-29,暂无数据,590,751,1,0,0,暂无数据,3室2厅1厨1卫,101.52㎡,南,无,"单价58117元/平,2015-12-20成交",,低楼层(共6层),https://sh.lianjia.com/chengjiao/107010044318.html
445,浦东,花木,2013-11-29,570,560,743,1,0,0,暂无数据,3室2厅1厨1卫,98.25㎡,南,无,"单价56998元/平,2015-12-12成交",,中楼层(共6层),https://sh.lianjia.com/chengjiao/107010035914.html
446,浦东,花木,2013-11-29,580,575,752,1,0,0,暂无数据,3室2厅1厨1卫,106.2㎡,南,无,"单价54144元/平,2015-12-21成交",,中楼层(共6层),https://sh.lianjia.com/chengjiao/107010045554.html
447,浦东,花木,2015-04-09,565,563,227,0,0,0,暂无数据,2室2厅1厨1卫,100.76㎡,南,有,"单价55876元/平,2015-11-22成交",,低楼层(共10层),https://sh.lianjia.com/chengjiao/107010036915.html
448,浦东,花木,2013-11-29,280,280,770,1,0,0,暂无数据,2室1厅1厨1卫,94.13㎡,南,有,"单价29747元/平,2016-01-08成交",,高楼层(共29层),https://sh.lianjia.com/chengjiao/107010042052.html
449,浦东,花木,2012-01-07,870,860,1486,1,0,0,暂无数据,2室2厅1厨1卫,105.39㎡,南,有,"单价81602元/平,2016-01-31成交",,中楼层(共27层),https://sh.lianjia.com/chengjiao/107010059664.html
450,浦东,花木,2013-11-29,615,615,792,0,0,0,暂无数据,0室0厅1厨0卫,96.77㎡,暂无数据,无,"单价63553元/平,2016-01-30成交",,低楼层(共6层),https://sh.lianjia.com/chengjiao/107010056441.html
451,浦东,花木,2012-01-07,800,780,1079,1,0,0,暂无数据,4室2厅1厨2卫,181.51㎡,南,有,"单价42973元/平,2014-12-21成交",,中楼层(共18层),https://sh.lianjia.com/chengjiao/107010009721.html
452,浦东,花木,2013-11-21,600,600,833,1,0,0,暂无数据,3室1厅1厨1卫,91.96㎡,南,无,"单价65246元/平,2016-03-03成交",,高楼层(共6层),https://sh.lianjia.com/chengjiao/107010062926.html
453,浦东,花木,2013-11-14,暂无数据,570,839,1,0,0,暂无数据,3室2厅1厨2卫,103.52㎡,南,无,"单价55062元/平,2016-03-02成交",,低楼层(共6层),https://sh.lianjia.com/chengjiao/107010054466.html
454,浦东,花木,2012-01-07,800,760,1099,1,0,0,暂无数据,3室2厅1厨2卫,171.61㎡,南,有,"单价44287元/平,2015-01-10成交",,高楼层(共12层),https://sh.lianjia.com/chengjiao/107010009203.html
455,浦东,花木,2012-01-07,1200,1200,1119,0,0,0,暂无数据,4室2厅1厨2卫,224.73㎡,南,有,"单价53398元/平,2015-01-30成交",,高楼层(共30层),https://sh.lianjia.com/chengjiao/107010010716.html
456,浦东,花木,2012-01-07,1000,896,1129,0,0,0,暂无数据,4室2厅1厨2卫,189.6㎡,南,有,"单价47258元/平,2015-02-09成交",,中楼层(共35层),https://sh.lianjia.com/chengjiao/107010010749.html
457,浦东,花木,2012-01-07,暂无数据,1070,1170,1,0,0,暂无数据,4室2厅1厨3卫,223.51㎡,南,有,"单价47873元/平,2015-03-22成交",,低楼层(共30层),https://sh.lianjia.com/chengjiao/107010011445.html
458,浦东,花木,2012-01-07,暂无数据,843,1106,1,0,0,暂无数据,4室2厅1厨2卫,182.4㎡,南,有,"单价46218元/平,2015-01-17成交",,高楼层(共13层),https://sh.lianjia.com/chengjiao/107010009093.html
459,浦东,花木,2012-01-07,890,840.1,1213,0,0,0,暂无数据,4室2厅1厨2卫,180.56㎡,南,有,"单价46528元/平,2015-05-04成交",,高楼层(共23层),https://sh.lianjia.com/chengjiao/107010013894.html
460,浦东,花木,2012-01-07,780,770,1190,0,0,0,暂无数据,4室2厅1厨2卫,166.46㎡,南,有,"单价46258元/平,2015-04-11成交",,中楼层(共18层),https://sh.lianjia.com/chengjiao/107010011624.html
461,浦东,花木,2012-01-07,暂无数据,820,1202,1,0,0,暂无数据,3室2厅1厨2卫,179.52㎡,暂无数据,有,"单价45678元/平,2015-04-23成交",,中楼层(共30层),https://sh.lianjia.com/chengjiao/107010011510.html
462,浦东,花木,2012-01-14,暂无数据,4300,1227,0,0,0,暂无数据,4室3厅1厨5卫,358.51㎡,南,无,"单价119941元/平,2015-05-25成交",,低楼层(共2层),https://sh.lianjia.com/chengjiao/107010015382.html
463,浦东,花木,2012-06-25,暂无数据,3300,1071,1,0,0,暂无数据,4室2厅1厨5卫,313.25㎡,南,无,"单价105348元/平,2015-06-01成交",,低楼层(共3层),https://sh.lianjia.com/chengjiao/107010016423.html
464,浦东,花木,2012-01-07,暂无数据,1400,1241,0,0,0,暂无数据,3室2厅1厨3卫,171.89㎡,北,无,"单价81448元/平,2015-06-01成交",,低楼层(共2层),https://sh.lianjia.com/chengjiao/107010015660.html
465,浦东,花木,2012-08-17,暂无数据,3100,1020,1,0,0,暂无数据,4室2厅1厨4卫,376.15㎡,南,无,"单价82414元/平,2015-06-03成交",,低楼层(共3层),https://sh.lianjia.com/chengjiao/107010015493.html
466,浦东,花木,2012-01-07,暂无数据,5950,1245,1,0,0,暂无数据,5室2厅1厨4卫,416.45㎡,北,无,"单价142875元/平,2015-06-05成交",,低楼层(共2层),https://sh.lianjia.com/chengjiao/107010014507.html
467,浦东,花木,2012-01-07,暂无数据,5450,1250,1,0,0,暂无数据,0室0厅1厨0卫,485.53㎡,暂无数据,无,"单价112249元/平,2015-06-10成交",,低楼层(共2层),https://sh.lianjia.com/chengjiao/107010016689.html
468,浦东,花木,2012-01-07,1280,1260,1253,0,0,0,暂无数据,0室0厅1厨0卫,225.35㎡,暂无数据,有,"单价55914元/平,2015-06-13成交",,中楼层(共30层),https://sh.lianjia.com/chengjiao/107010015231.html
469,浦东,花木,2014-01-06,暂无数据,4550,537,1,0,0,暂无数据,5室3厅1厨4卫,483㎡,南,无,"单价94203元/平,2015-06-27成交",,低楼层(共2层),https://sh.lianjia.com/chengjiao/107010013973.html
470,浦东,花木,2012-09-09,暂无数据,1380,1023,0,0,0,暂无数据,0室0厅1厨0卫,270.73㎡,暂无数据,有,"单价50974元/平,2015-06-29成交",,中楼层(共33层),https://sh.lianjia.com/chengjiao/107010018194.html
471,浦东,花木,2014-01-06,5252.9,5206,547,1,0,0,暂无数据,5室3厅1厨5卫,410.03㎡,北,无,"单价126967元/平,2015-07-07成交",,低楼层(共2层),https://sh.lianjia.com/chengjiao/107010017219.html
472,浦东,花木,2012-01-07,暂无数据,940,1278,1,0,0,暂无数据,5室2厅1厨3卫,197.22㎡,暂无数据,有,"单价47663元/平,2015-07-08成交",,中楼层(共27层),https://sh.lianjia.com/chengjiao/107010014099.html
473,浦东,花木,2012-01-07,暂无数据,2800,1245,1,0,0,暂无数据,4室2厅1厨4卫,334.97㎡,南,无,"单价83590元/平,2015-06-05成交",,低楼层(共2层),https://sh.lianjia.com/chengjiao/107010015496.html
474,浦东,花木,2012-01-07,800,795,1282,1,0,0,暂无数据,4室2厅1厨2卫,166.86㎡,南,有,"单价47645元/平,2015-07-12成交",,低楼层(共18层),https://sh.lianjia.com/chengjiao/107010015293.html
475,浦东,花木,2012-01-07,880,875,1305,0,0,0,暂无数据,3室2厅1厨2卫,179.52㎡,南,有,"单价48742元/平,2015-08-04成交",,高楼层(共30层),https://sh.lianjia.com/chengjiao/107010021007.html
476,浦东,花木,2012-05-28,暂无数据,2030,1165,1,0,0,暂无数据,4室2厅1厨3卫,223.22㎡,南,无,"单价90942元/平,2015-08-06成交",,低楼层(共3层),https://sh.lianjia.com/chengjiao/107010020353.html
477,浦东,花木,2012-01-07,暂无数据,1020,1293,0,0,0,暂无数据,4室2厅1厨2卫,195.73㎡,南,有,"单价52113元/平,2015-07-23成交",,中楼层(共7层),https://sh.lianjia.com/chengjiao/107010016063.html
478,浦东,花木,2012-01-07,暂无数据,1410,1293,0,0,0,暂无数据,3室2厅1厨2卫,171.89㎡,北,无,"单价82030元/平,2015-07-23成交",,低楼层(共2层),https://sh.lianjia.com/chengjiao/107010017284.html
479,浦东,花木,2014-07-04,560,545,404,1,0,0,暂无数据,4室2厅1厨2卫,154.95㎡,南,无,"单价35173元/平,2015-08-12成交",,中楼层(共6层),https://sh.lianjia.com/chengjiao/107010012953.html
480,浦东,花木,2012-01-07,暂无数据,890,1338,1,0,0,暂无数据,3室2厅1厨2卫,179.33㎡,南,有,"单价49630元/平,2015-09-06成交",,低楼层(共33层),https://sh.lianjia.com/chengjiao/107010017469.html
481,浦东,花木,2012-09-27,暂无数据,1438,1075,1,0,0,暂无数据,4室2厅1厨2卫,227.56㎡,南,有,"单价63193元/平,2015-09-07成交",,中楼层(共30层),https://sh.lianjia.com/chengjiao/107010025293.html
482,浦东,花木,2013-10-10,暂无数据,345,683,1,0,0,暂无数据,2室2厅1厨1卫,74.12㎡,南,无,"单价46547元/平,2015-08-24成交",,低楼层(共6层),https://sh.lianjia.com/chengjiao/107010022830.html
483,浦东,花木,2015-04-13,310,305,131,1,0,0,暂无数据,0室0厅1厨0卫,72.77㎡,暂无数据,无,"单价41913元/平,2015-08-22成交",,中楼层(共6层),https://sh.lianjia.com/chengjiao/107010024029.html
484,浦东,花木,2012-01-07,暂无数据,1055,1299,1,0,0,暂无数据,5室3厅1厨4卫,184.93㎡,南,有,"单价57049元/平,2015-07-29成交",,高楼层(共12层),https://sh.lianjia.com/chengjiao/107010018201.html
485,浦东,花木,2013-09-14,385,375,737,0,0,0,暂无数据,2室1厅1厨1卫,76.26㎡,南,无,"单价49174元/平,2015-09-21成交",,中楼层(共6层),https://sh.lianjia.com/chengjiao/107010025036.html
486,浦东,花木,2013-11-28,暂无数据,400,667,0,0,0,暂无数据,2室2厅1厨1卫,82.73㎡,南,无,"单价48351元/平,2015-09-26成交",,高楼层(共6层),https://sh.lianjia.com/chengjiao/107010026906.html
487,浦东,花木,2014-09-17,428,425,388,0,0,0,暂无数据,2室1厅1厨1卫,79.79㎡,南,无,"单价53265元/平,2015-10-10成交",,中楼层(共6层),https://sh.lianjia.com/chengjiao/107010029997.html
488,浦东,花木,2014-09-17,440,438,391,1,0,0,暂无数据,2室1厅1厨1卫,80.14㎡,南,无,"单价54655元/平,2015-10-13成交",,中楼层(共6层),https://sh.lianjia.com/chengjiao/107010028587.html
489,浦东,花木,2014-06-25,暂无数据,385,476,1,0,0,暂无数据,2室2厅1厨1卫,82.77㎡,南,有,"单价46515元/平,2015-10-14成交",,高楼层(共8层),https://sh.lianjia.com/chengjiao/107010030559.html
490,浦东,花木,2013-11-29,195,190,684,1,0,0,暂无数据,1室1厅1厨1卫,76.05㎡,北,有,"单价24984元/平,2015-10-14成交",,中楼层(共29层),https://sh.lianjia.com/chengjiao/107010031159.html
491,浦东,花木,2012-06-11,暂无数据,375,1223,1,0,0,暂无数据,3室1厅1厨1卫,82.31㎡,南,无,"单价45560元/平,2015-10-17成交",,高楼层(共6层),https://sh.lianjia.com/chengjiao/107010030926.html
492,浦东,花木,2015-04-09,430,419,208,1,0,0,暂无数据,2室1厅1厨1卫,73.38㎡,南,无,"单价57101元/平,2015-11-03成交",,高楼层(共6层),https://sh.lianjia.com/chengjiao/107010031011.html
493,浦东,花木,2014-06-25,390,390,514,1,0,0,暂无数据,2室2厅1厨1卫,86.45㎡,南,有,"单价45113元/平,2015-11-21成交",,高楼层(共8层),https://sh.lianjia.com/chengjiao/107010028327.html
494,浦东,花木,2012-01-07,330,325,1433,1,0,0,暂无数据,2室2厅1厨1卫,78.56㎡,南,无,"单价41370元/平,2015-12-10成交",,高楼层(共6层),https://sh.lianjia.com/chengjiao/107010038826.html
495,浦东,花木,2013-11-21,354,352,738,1,0,0,暂无数据,2室1厅1厨1卫,73.34㎡,南,无,"单价47996元/平,2015-11-29成交",,高楼层(共6层),https://sh.lianjia.com/chengjiao/107010039660.html
496,浦东,花木,2015-07-19,325,315.5,110,1,0,0,暂无数据,2室2厅1厨1卫,77.67㎡,南,无,"单价40621元/平,2015-11-06成交",,高楼层(共6层),https://sh.lianjia.com/chengjiao/107010035821.html
497,浦东,花木,2015-03-23,325,317,271,1,0,0,暂无数据,1室1厅1厨1卫,71.65㎡,南,无,"单价44243元/平,2015-12-19成交",,高楼层(共6层),https://sh.lianjia.com/chengjiao/107010045439.html
498,浦东,花木,2013-11-14,505,500,765,1,0,0,暂无数据,2室1厅1厨1卫,88.93㎡,南,无,"单价56224元/平,2015-12-19成交",,低楼层(共6层),https://sh.lianjia.com/chengjiao/107010042275.html
499,浦东,花木,2013-11-14,630,420,767,1,0,0,暂无数据,2室2厅1厨1卫,88.93㎡,南,无,"单价47229元/平,2015-12-21成交",,高楼层(共6层),https://sh.lianjia.com/chengjiao/107010034549.html
500,浦东,花木,2014-04-27,500,500,617,0,0,0,暂无数据,2室1厅1厨1卫,77.49㎡,南,无,"单价64525元/平,2016-01-04成交",,中楼层(共6层),https://sh.lianjia.com/chengjiao/107010050969.html
501,浦东,花木,2013-11-19,530,515,794,1,0,0,暂无数据,2室2厅1厨1卫,88.32㎡,南,无,"单价58311元/平,2016-01-22成交",,中楼层(共6层),https://sh.lianjia.com/chengjiao/107010050119.html
502,浦东,花木,2014-12-28,465,465,394,0,0,0,暂无数据,2室1厅1厨1卫,78.65㎡,南,无,"单价59123元/平,2016-01-26成交",,高楼层(共6层),https://sh.lianjia.com/chengjiao/107010047262.html
503,浦东,花木,2014-05-29,455,445,610,0,0,0,暂无数据,2室1厅1厨1卫,74.41㎡,南,无,"单价59804元/平,2016-01-29成交",,高楼层(共6层),https://sh.lianjia.com/chengjiao/107010039078.html
504,浦东,花木,2015-07-17,暂无数据,195,200,1,0,0,暂无数据,1室1厅1厨1卫,75.55㎡,南,有,"单价25811元/平,2016-02-02成交",,高楼层(共29层),https://sh.lianjia.com/chengjiao/107010052501.html
505,浦东,花木,2013-11-14,520,517,808,1,0,0,暂无数据,2室2厅1厨1卫,88.93㎡,南,无,"单价58136元/平,2016-01-31成交",,中楼层(共6层),https://sh.lianjia.com/chengjiao/107010052921.html
506,浦东,花木,2015-01-04,暂无数据,293,395,1,0,0,暂无数据,2室1厅1厨1卫,77.74㎡,西北,有,"单价37690元/平,2016-02-03成交",,中楼层(共18层),https://sh.lianjia.com/chengjiao/107010049348.html
507,浦东,花木,2015-04-08,暂无数据,540,325,1,0,0,暂无数据,2室1厅1厨1卫,72.98㎡,南,无,"单价73993元/平,2016-02-27成交",,低楼层(共6层),https://sh.lianjia.com/chengjiao/107010064591.html
508,浦东,花木,2013-11-14,530,530,850,1,0,0,暂无数据,2室2厅1厨1卫,81.91㎡,南,无,"单价64706元/平,2016-03-13成交",,中楼层(共6层),https://sh.lianjia.com/chengjiao/107010061207.html
509,浦东,花木,2014-05-02,暂无数据,507,669,1,0,0,暂无数据,2室1厅1厨1卫,83.74㎡,暂无数据,无,"单价60545元/平,2016-03-01成交",,高楼层(共6层),https://sh.lianjia.com/chengjiao/107010063895.html
510,浦东,花木,2013-05-27,550,550,1032,1,0,0,暂无数据,0室0厅1厨0卫,82.73㎡,暂无数据,无,"单价66482元/平,2016-03-24成交",,低楼层(共6层),https://sh.lianjia.com/chengjiao/107010064282.html
511,浦东,花木,2013-11-19,285,278,474,0,0,0,暂无数据,2室1厅1厨1卫,66.05㎡,南,无,"单价42090元/平,2015-03-08成交",,中楼层(共6层),https://sh.lianjia.com/chengjiao/107010010890.html
512,浦东,花木,2012-03-27,暂无数据,244,1125,1,0,0,暂无数据,2室1厅1厨1卫,65.31㎡,南,无,"单价37361元/平,2015-04-26成交",,高楼层(共6层),https://sh.lianjia.com/chengjiao/107010012554.html
513,浦东,花木,2013-10-10,235,230,563,0,0,0,暂无数据,1室1厅1厨1卫,50.34㎡,南,无,"单价45690元/平,2015-04-26成交",,中楼层(共5层),https://sh.lianjia.com/chengjiao/107010012899.html
514,浦东,花木,2013-10-10,295,293,604,0,0,0,暂无数据,2室2厅1厨1卫,50.98㎡,暂无数据,无,"单价57474元/平,2015-06-06成交",,高楼层(共6层),https://sh.lianjia.com/chengjiao/107010016082.html
515,浦东,花木,2012-01-07,275,260,1329,0,0,0,暂无数据,1室2厅1厨1卫,69.64㎡,南,无,"单价37335元/平,2015-08-28成交",,中楼层(共6层),https://sh.lianjia.com/chengjiao/107010016324.html
516,浦东,花木,2012-06-09,260,252,911,0,0,0,暂无数据,2室1厅1厨1卫,65.31㎡,南,无,"单价38586元/平,2014-12-07成交",,高楼层(共6层),https://sh.lianjia.com/chengjiao/107010009637.html
517,浦东,花木,2012-01-07,暂无数据,261,1396,1,0,0,暂无数据,0室0厅1厨0卫,54.34㎡,暂无数据,无,"单价48031元/平,2015-11-03成交",,高楼层(共6层),https://sh.lianjia.com/chengjiao/107010034713.html
518,浦东,花木,2013-11-29,暂无数据,244,701,0,0,0,暂无数据,2室2厅1厨1卫,58.12㎡,南,无,"单价41983元/平,2015-10-31成交",,低楼层(共6层),https://sh.lianjia.com/chengjiao/107010030352.html
519,浦东,花木,2013-11-21,暂无数据,280.5,724,1,0,0,暂无数据,2室1厅1厨1卫,66.37㎡,南,无,"单价42264元/平,2015-11-15成交",,高楼层(共6层),https://sh.lianjia.com/chengjiao/107010038328.html
520,浦东,花木,2015-07-17,170,165,134,1,0,0,暂无数据,2室1厅1厨1卫,61.62㎡,北,有,"单价26778元/平,2015-11-28成交",,高楼层(共29层),https://sh.lianjia.com/chengjiao/107010036517.html
521,浦东,花木,2013-11-28,暂无数据,360,738,0,0,0,暂无数据,2室1厅1厨1卫,65.31㎡,暂无数据,无,"单价55122元/平,2015-12-06成交",,中楼层(共6层),https://sh.lianjia.com/chengjiao/107010039867.html
522,浦东,花木,2014-08-28,255,250,471,1,0,0,暂无数据,1室1厅1厨1卫,60.17㎡,南,无,"单价41549元/平,2015-12-12成交",,低楼层(共6层),https://sh.lianjia.com/chengjiao/107010041852.html
523,浦东,花木,2013-11-29,暂无数据,260,785,1,0,0,暂无数据,2室1厅1厨1卫,56.9㎡,南,无,"单价45695元/平,2016-01-23成交",,高楼层(共6层),https://sh.lianjia.com/chengjiao/107010056063.html
524,浦东,花木,2015-03-23,315,316,306,0,0,0,暂无数据,2室2厅1厨1卫,69.64㎡,南,无,"单价45377元/平,2016-01-23成交",,低楼层(共6层),https://sh.lianjia.com/chengjiao/107010052489.html
525,浦东,花木,2015-07-17,230,210,219,1,0,0,暂无数据,1室1厅1厨1卫,62.28㎡,北,有,"单价33719元/平,2016-02-21成交",,高楼层(共29层),https://sh.lianjia.com/chengjiao/107010061903.html
526,浦东,花木,2015-03-26,暂无数据,318,276,1,0,0,暂无数据,2室1厅1厨1卫,69.39㎡,南,无,"单价45828元/平,2015-12-27成交",,中楼层(共6层),https://sh.lianjia.com/chengjiao/107010049266.html
527,浦东,花木,2013-11-29,暂无数据,300,822,0,0,0,暂无数据,2室1厅1厨1卫,61.25㎡,南,无,"单价48980元/平,2016-02-29成交",,中楼层(共6层),https://sh.lianjia.com/chengjiao/107010064400.html
528,浦东,花木,2013-11-14,460,454,847,1,0,0,暂无数据,1室1厅1厨1卫,55.46㎡,南,无,"单价81861元/平,2016-03-10成交",,中楼层(共6层),https://sh.lianjia.com/chengjiao/107010064761.html
529,浦东,花木,2013-10-10,370,355,878,1,0,0,暂无数据,1室1厅1厨1卫,50.61㎡,南,无,"单价70145元/平,2016-03-06成交",,高楼层(共6层),https://sh.lianjia.com/chengjiao/107010062079.html
530,浦东,花木,2013-11-21,暂无数据,350,848,1,0,0,暂无数据,2室1厅1厨1卫,54.35㎡,南,无,"单价64398元/平,2016-03-18成交",,低楼层(共6层),https://sh.lianjia.com/chengjiao/107010068684.html
531,浦东,花木,2013-11-19,暂无数据,500,857,1,0,0,暂无数据,2室1厅1厨1卫,66.24㎡,南,无,"单价75484元/平,2016-03-25成交",,高楼层(共6层),https://sh.lianjia.com/chengjiao/107010070102.html
532,浦东,花木,2013-11-21,480,389,863,0,0,0,暂无数据,2室1厅1厨1卫,54.34㎡,南,无,"单价71587元/平,2016-04-02成交",,中楼层(共6层),https://sh.lianjia.com/chengjiao/107010069562.html
533,浦东,花木,2014-04-24,暂无数据,433,765,0,0,0,暂无数据,2室1厅1厨1卫,69.42㎡,南,无,"单价62374元/平,2016-05-28成交",,中楼层(共6层),https://sh.lianjia.com/chengjiao/107010074103.html
534,浦东,花木,2013-09-30,350,345,910,1,0,0,暂无数据,2室1厅1厨2卫,50.97㎡,南,无,"单价67687元/平,2016-03-28成交",,高楼层(共6层),https://sh.lianjia.com/chengjiao/107010047529.html
535,浦东,花木,2013-10-10,370,360,954,1,0,0,暂无数据,1室1厅1厨1卫,50.28㎡,南,无,"单价71600元/平,2016-05-21成交",,中楼层(共6层),https://sh.lianjia.com/chengjiao/107010072843.html
536,浦东,花木,2015-04-09,378,356,465,1,0,0,暂无数据,2室1厅1厨1卫,54.31㎡,南,无,"单价65550元/平,2016-07-17成交",,高楼层(共6层),https://sh.lianjia.com/chengjiao/107010083693.html
537,浦东,花木,2015-03-26,360,353,492,1,0,0,暂无数据,1室1厅1厨1卫,50.17㎡,南,无,"单价70361元/平,2016-07-30成交",,低楼层(共6层),https://sh.lianjia.com/chengjiao/107010083750.html
538,浦东,花木,2013-11-21,暂无数据,506,988,0,0,0,暂无数据,2室1厅1厨1卫,65.83㎡,南,无,"单价76865元/平,2016-08-05成交",,低楼层(共6层),https://sh.lianjia.com/chengjiao/107010077204.html
539,浦东,花木,2013-11-21,暂无数据,410,996,1,0,0,暂无数据,2室1厅1厨1卫,60.17㎡,东南,无,"单价68141元/平,2016-08-13成交",,中楼层(共6层),https://sh.lianjia.com/chengjiao/107010087575.html
540,浦东,花木,2013-11-29,暂无数据,232,988,0,0,0,暂无数据,1室1厅1厨1卫,62.7㎡,北,有,"单价37002元/平,2016-08-13成交",,中楼层(共29层),https://sh.lianjia.com/chengjiao/107010087630.html
541,浦东,花木,2012-01-07,4300,2050,378,0,0,0,暂无数据,3室2厅1厨4卫,353.19㎡,南,无,"单价58043元/平,2013-01-18成交",,低楼层(共3层),https://sh.lianjia.com/chengjiao/107010001850.html
542,浦东,花木,2012-07-05,暂无数据,702,195,1,0,0,暂无数据,4室2厅1厨2卫,189㎡,南,有,"单价37143元/平,2013-01-15成交",,低楼层(共22层),https://sh.lianjia.com/chengjiao/107010001905.html
543,浦东,花木,2012-11-08,暂无数据,1150,88,0,0,0,暂无数据,5室2厅1厨3卫,270.73㎡,南,有,"单价42478元/平,2013-02-04成交",,低楼层(共33层),https://sh.lianjia.com/chengjiao/107010002066.html
544,浦东,花木,2012-01-07,暂无数据,800,431,1,0,0,暂无数据,3室2厅1厨2卫,179.52㎡,暂无数据,有,"单价45678元/平,2015-04-23成交",,中楼层(共30层),https://sh.lianjia.com/chengjiao/107010002397.html
545,浦东,花木,2012-01-07,暂无数据,750,447,0,0,0,暂无数据,3室2厅1厨2卫,179.52㎡,南,有,"单价41779元/平,2013-03-29成交",,低楼层(共30层),https://sh.lianjia.com/chengjiao/107010002994.html
546,浦东,花木,2012-01-07,1150,1080,449,0,0,0,暂无数据,4室2厅1厨3卫,221.67㎡,南,有,"单价48722元/平,2013-03-31成交",,高楼层(共30层),https://sh.lianjia.com/chengjiao/107010003067.html
547,浦东,花木,2013-03-16,700,685,60,0,0,0,暂无数据,3室2厅1厨2卫,152.29㎡,南,有,"单价44980元/平,2013-05-15成交",,高楼层(共20层),https://sh.lianjia.com/chengjiao/107010003252.html
548,浦东,花木,2012-01-07,暂无数据,735,497,0,0,0,暂无数据,3室2厅1厨2卫,171.61㎡,暂无数据,有,"单价42830元/平,2013-05-18成交",,低楼层(共12层),https://sh.lianjia.com/chengjiao/107010003306.html
549,浦东,花木,2013-05-04,1800,795,54,0,0,0,暂无数据,3室2厅1厨2卫,189.56㎡,南,有,"单价41940元/平,2013-06-27成交",,低楼层(共18层),https://sh.lianjia.com/chengjiao/107010003406.html
550,浦东,花木,2012-01-07,暂无数据,4050,614,0,0,0,暂无数据,5室3厅1厨4卫,483㎡,南,无,"单价83851元/平,2013-09-12成交",,低楼层(共2层),https://sh.lianjia.com/chengjiao/107010004546.html
551,浦东,花木,2012-01-07,暂无数据,838,630,0,0,0,暂无数据,4室2厅1厨2卫,198.36㎡,南,有,"单价42247元/平,2013-09-28成交",,中楼层(共12层),https://sh.lianjia.com/chengjiao/107010004330.html
552,浦东,花木,2012-01-07,暂无数据,970,718,0,0,0,暂无数据,4室2厅1厨2卫,189.6㎡,南,有,"单价51161元/平,2013-12-25成交",,中楼层(共35层),https://sh.lianjia.com/chengjiao/107010005587.html
553,浦东,花木,2012-01-07,1200,750,660,1,0,0,暂无数据,4室2厅1厨2卫,189.24㎡,南,有,"单价39633元/平,2013-10-28成交",,低楼层(共22层),https://sh.lianjia.com/chengjiao/107010004446.html
554,浦东,花木,2012-01-07,暂无数据,840,671,0,0,0,暂无数据,3室2厅1厨2卫,179.52㎡,南,有,"单价46792元/平,2013-11-08成交",,中楼层(共30层),https://sh.lianjia.com/chengjiao/107010005021.html
555,浦东,花木,2012-01-07,1680,2330,699,0,0,0,暂无数据,4室2厅1厨3卫,256.19㎡,南,无,"单价90949元/平,2013-12-06成交",,低楼层(共2层),https://sh.lianjia.com/chengjiao/107010005552.html
556,浦东,花木,2012-01-07,900,890,734,0,0,0,暂无数据,4室2厅1厨2卫,198.36㎡,南,有,"单价44868元/平,2014-01-10成交",,低楼层(共12层),https://sh.lianjia.com/chengjiao/107010005364.html
557,浦东,花木,2012-01-07,866,862,738,1,0,0,暂无数据,3室2厅1厨2卫,172.56㎡,南,有,"单价49954元/平,2014-01-14成交",,高楼层(共10层),https://sh.lianjia.com/chengjiao/107010005892.html
558,浦东,花木,2012-01-07,暂无数据,878,776,1,0,0,暂无数据,3室2厅1厨2卫,179.52㎡,南,有,"单价48909元/平,2014-02-21成交",,低楼层(共35层),https://sh.lianjia.com/chengjiao/107010006130.html
559,浦东,花木,2012-01-07,暂无数据,1129,784,0,0,0,暂无数据,4室2厅1厨3卫,221.67㎡,南,有,"单价50932元/平,2014-03-01成交",,高楼层(共30层),https://sh.lianjia.com/chengjiao/107010006099.html
560,浦东,花木,2012-10-29,1420,870,594,1,0,0,暂无数据,3室2厅1厨2卫,165.8㎡,西,有,"单价52473元/平,2014-06-15成交",,中楼层(共9层),https://sh.lianjia.com/chengjiao/107010007140.html
561,浦东,花木,2013-12-18,12000,3050,173,0,0,0,暂无数据,5室3厅1厨3卫,237.81㎡,暂无数据,无,"单价128254元/平,2014-06-09成交",,低楼层(共3层),https://sh.lianjia.com/chengjiao/107010007527.html
562,浦东,花木,2012-01-07,6900,5000,929,1,0,0,暂无数据,5室3厅1厨5卫,416.45㎡,北,无,"单价120063元/平,2014-07-24成交",,地下室(共2层),https://sh.lianjia.com/chengjiao/107010007599.html
563,浦东,花木,2013-02-23,4000,3350,492,0,0,0,暂无数据,6室3厅1厨5卫,600.01㎡,南,无,"单价55833元/平,2014-06-30成交",,低楼层(共2层),https://sh.lianjia.com/chengjiao/107010007274.html
564,浦东,花木,2012-01-07,890,830,907,1,0,0,暂无数据,3室2厅1厨2卫,172.56㎡,南,有,"单价48100元/平,2014-07-02成交",,低楼层(共10层),https://sh.lianjia.com/chengjiao/107010007751.html
565,浦东,花木,2012-01-07,1390,1280,978,0,0,0,暂无数据,4室2厅1厨3卫,225㎡,南,有,"单价56889元/平,2014-09-11成交",,高楼层(共30层),https://sh.lianjia.com/chengjiao/107010008292.html
566,浦东,花木,2012-01-07,680,650,980,1,0,0,暂无数据,3室2厅1厨2卫,150.04㎡,南,有,"单价43322元/平,2014-09-13成交",,中楼层(共17层),https://sh.lianjia.com/chengjiao/107010007689.html
567,浦东,花木,2012-01-07,暂无数据,1380,1029,1,0,0,暂无数据,3室2厅1厨3卫,171.89㎡,北,无,"单价80284元/平,2014-11-01成交",,低楼层(共2层),https://sh.lianjia.com/chengjiao/107010007729.html
568,浦东,花木,2012-01-07,747,325,398,1,0,0,暂无数据,2室2厅1厨1卫,92.83㎡,南,有,"单价35011元/平,2013-02-07成交",,低楼层(共13层),https://sh.lianjia.com/chengjiao/107010002117.html
569,浦东,花木,2012-01-07,990,980,1045,0,0,0,暂无数据,4室2厅1厨2卫,222.78㎡,南,有,"单价43990元/平,2014-11-17成交",,低楼层(共32层),https://sh.lianjia.com/chengjiao/107010008634.html
570,浦东,花木,2012-01-07,暂无数据,375.5,262,1,0,0,暂无数据,2室2厅1厨1卫,95.84㎡,南,有,"单价44345元/平,2013-02-24成交",,低楼层(共14层),https://sh.lianjia.com/chengjiao/107010001256.html
571,浦东,花木,2012-01-07,暂无数据,425,415,0,0,0,暂无数据,2室2厅1厨1卫,95.84㎡,南,有,"单价44345元/平,2013-02-24成交",,低楼层(共14层),https://sh.lianjia.com/chengjiao/107010002283.html
572,浦东,花木,2012-01-07,430,430,426,0,0,0,暂无数据,2室2厅1厨1卫,97.04㎡,南,有,"单价44312元/平,2013-03-08成交",,中楼层(共11层),https://sh.lianjia.com/chengjiao/107010002542.html
573,浦东,花木,2012-01-07,暂无数据,488,593,0,0,0,暂无数据,2室2厅1厨1卫,101.14㎡,南,有,"单价48250元/平,2013-08-22成交",,中楼层(共11层),https://sh.lianjia.com/chengjiao/107010004296.html
574,浦东,花木,2012-01-07,800,460,624,1,0,0,暂无数据,2室2厅1厨1卫,97.03㎡,暂无数据,有,"单价47409元/平,2013-09-22成交",,中楼层(共13层),https://sh.lianjia.com/chengjiao/107010003988.html
575,浦东,花木,2012-01-07,暂无数据,329,661,1,0,0,暂无数据,2室2厅1厨1卫,109.58㎡,南,有,"单价30024元/平,2013-10-29成交",,高楼层(共13层),https://sh.lianjia.com/chengjiao/107010005169.html
576,浦东,花木,2012-10-21,暂无数据,290,362,0,0,0,暂无数据,2室2厅1厨1卫,105.79㎡,南,有,"单价27413元/平,2013-10-18成交",,中楼层(共8层),https://sh.lianjia.com/chengjiao/107010004910.html
577,浦东,花木,2012-01-07,980,488,659,0,0,0,暂无数据,2室2厅1厨1卫,95.43㎡,南,有,"单价51137元/平,2013-10-27成交",,高楼层(共14层),https://sh.lianjia.com/chengjiao/107010005003.html
578,浦东,花木,2014-03-17,430,379,44,0,0,0,暂无数据,2室2厅1厨1卫,95.18㎡,南,无,"单价39820元/平,2014-04-30成交",,低楼层(共6层),https://sh.lianjia.com/chengjiao/107010006918.html
579,浦东,花木,2012-01-07,暂无数据,529.4,1107,1,0,0,暂无数据,2室2厅1厨1卫,96.16㎡,南,有,"单价55055元/平,2015-01-18成交",,高楼层(共10层),https://sh.lianjia.com/chengjiao/107010010426.html
580,浦东,花木,2013-11-29,420,415,148,1,0,0,暂无数据,3室2厅1厨1卫,101.48㎡,南,无,"单价40895元/平,2014-04-26成交",,中楼层(共6层),https://sh.lianjia.com/chengjiao/107010006981.html
581,浦东,花木,2018-12-02,515,506,9,0,4,0,暂无数据,2室1厅1厨1卫,73.34㎡,南,无,"单价68994元/平,2018-12-11成交",,中楼层(共6层),https://sh.lianjia.com/chengjiao/107100856860.html
582,浦东,花木,2018-03-21,680,658,13,0,0,0,58,2室2厅1厨1卫,77.64㎡,南,无,"单价84751元/平,2018-04-02成交",,低楼层(共6层),https://sh.lianjia.com/chengjiao/107100120649.html
583,浦东,花木,2018-05-14,540,519,48,1,0,6,893,2室1厅1厨1卫,73.34㎡,南,无,"单价70767元/平,2018-07-01成交",,低楼层(共6层),https://sh.lianjia.com/chengjiao/107100289776.html
584,浦东,花木,2018-03-27,632,611,89,1,0,19,1633,2室2厅1厨1卫,74.97㎡,南,无,"单价81500元/平,2018-06-24成交",,低楼层(共6层),https://sh.lianjia.com/chengjiao/107100143975.html
585,浦东,花木,2017-11-28,560,537,175,1,0,79,3324,2室1厅1厨1卫,81㎡,南,无,"单价66297元/平,2018-05-21成交",,中楼层(共6层),https://sh.lianjia.com/chengjiao/107002271443.html
586,浦东,花木,2017-11-18,535,512,156,0,0,11,481,2室1厅1厨1卫,73㎡,南,无,"单价70137元/平,2018-04-22成交",,低楼层(共6层),https://sh.lianjia.com/chengjiao/107002258933.html
587,浦东,花木,2017-12-21,335,335,186,1,0,72,3556,1室1厅1厨1卫,74.06㎡,北,有,"单价45234元/平,2018-06-24成交",,高楼层(共29层),https://sh.lianjia.com/chengjiao/107001220659.html
588,浦东,花木,2018-05-06,680,660,39,1,0,22,2643,3室1厅1厨1卫,89.41㎡,南,无,"单价73818元/平,2018-06-14成交",,中楼层(共6层),https://sh.lianjia.com/chengjiao/107100267424.html
589,浦东,花木,2015-04-09,610,575,899,0,0,0,暂无数据,2室1厅1厨1卫,74.41㎡,南,无,"单价77275元/平,2017-09-24成交",,高楼层(共6层),https://sh.lianjia.com/chengjiao/107002149555.html
590,浦东,花木,2015-04-09,700,610,920,0,0,0,暂无数据,2室1厅1厨1卫,75.68㎡,暂无数据,无,"单价80603元/平,2017-10-15成交",,低楼层(共6层),https://sh.lianjia.com/chengjiao/107002126035.html
591,浦东,花木,2018-05-09,700,680,79,1,0,15,1786,2室1厅1厨1卫,86.75㎡,南,无,"单价78387元/平,2018-07-27成交",,低楼层(共6层),https://sh.lianjia.com/chengjiao/107100274038.html
592,浦东,花木,2018-05-27,596,560,74,1,0,48,2482,2室2厅1厨1卫,74㎡,南,无,"单价75676元/平,2018-08-08成交",,中楼层(共6层),https://sh.lianjia.com/chengjiao/107100323750.html
593,浦东,花木,2015-04-13,540,540,925,0,0,0,暂无数据,2室1厅1厨1卫,72.77㎡,南,无,"单价74207元/平,2017-10-24成交",,低楼层(共6层),https://sh.lianjia.com/chengjiao/107002108247.html
594,浦东,花木,2015-03-26,650,623,941,0,0,0,暂无数据,2室1厅1厨1卫,80.96㎡,南,无,"单价76952元/平,2017-10-22成交",,中楼层(共6层),https://sh.lianjia.com/chengjiao/107001598491.html
595,浦东,花木,2013-09-30,590,560,1521,0,0,0,暂无数据,2室2厅1厨1卫,74.23㎡,南,无,"单价75442元/平,2017-11-29成交",,高楼层(共6层),https://sh.lianjia.com/chengjiao/107002225947.html
596,浦东,花木,2013-11-29,710,668,1451,0,0,0,暂无数据,2室2厅1厨1卫,86.75㎡,南,无,"单价77003元/平,2017-11-19成交",,高楼层(共6层),https://sh.lianjia.com/chengjiao/107001604221.html
597,浦东,花木,2017-05-27,700,680,237,0,0,30,2,2室2厅1厨2卫,79.54㎡,南,无,"单价85492元/平,2018-01-19成交",,高楼层(共6层),https://sh.lianjia.com/chengjiao/107001794883.html
598,浦东,花木,2017-05-23,540,510,235,0,0,30,暂无数据,2室1厅1厨1卫,70.34㎡,南,无,"单价72505元/平,2018-01-13成交",,中楼层(共6层),https://sh.lianjia.com/chengjiao/107001145131.html
599,浦东,花木,2017-10-16,625,612.8,103,0,0,16,4,2室1厅1厨1卫,71.19㎡,南,无,"单价86080元/平,2018-01-27成交",,中楼层(共6层),https://sh.lianjia.com/chengjiao/107002216407.html
600,浦东,花木,2017-10-07,570,557,168,1,0,13,899,3室1厅1厨1卫,76㎡,南,无,"单价73290元/平,2018-03-24成交",,低楼层(共6层),https://sh.lianjia.com/chengjiao/107000385245.html
601,浦东,花木,2017-12-05,660,640,104,1,0,16,799,2室2厅1厨1卫,77.49㎡,暂无数据,无,"单价82592元/平,2018-03-18成交",,低楼层(共6层),https://sh.lianjia.com/chengjiao/107000563057.html
602,浦东,花木,2017-07-14,420,415,213,0,0,205,474,2室1厅1厨1卫,77.7㎡,西北,有,"单价53411元/平,2018-02-11成交",,低楼层(共18层),https://sh.lianjia.com/chengjiao/107002076847.html
603,浦东,花木,2018-08-15,520,502,25,0,0,4,396,2室1厅1厨1卫,72.27㎡,南,无,"单价69462元/平,2018-09-09成交",,中楼层(共6层),https://sh.lianjia.com/chengjiao/107100552796.html
604,浦东,花木,2018-08-25,525,510,19,1,0,3,543,2室1厅1厨1卫,73.34㎡,南 北,无,"单价69540元/平,2018-09-12成交",,低楼层(共6层),https://sh.lianjia.com/chengjiao/107100582131.html
605,浦东,花木,2018-06-12,550,506,160,1,0,152,6741,2室2厅1厨1卫,76.11㎡,南,无,"单价66483元/平,2018-11-19成交",,低楼层(共6层),https://sh.lianjia.com/chengjiao/107100373667.html
606,浦东,花木,2018-08-30,550,538.8,46,1,0,12,487,2室2厅1厨1卫,74.22㎡,南,无,"单价72585元/平,2018-10-15成交",,高楼层(共6层),https://sh.lianjia.com/chengjiao/107100598308.html
607,浦东,花木,2017-11-02,510,510,328,1,0,136,11585,2室2厅1厨1卫,72.77㎡,南,无,"单价70084元/平,2018-09-25成交",,中楼层(共6层),https://sh.lianjia.com/chengjiao/107000638051.html
608,浦东,花木,2018-09-16,580,550,72,1,0,16,2242,2室2厅1厨1卫,71.75㎡,南,无,"单价76656元/平,2018-11-26成交",,高楼层(共6层),https://sh.lianjia.com/chengjiao/107100649678.html
609,浦东,花木,2018-10-21,585,560,44,1,1,19,451,2室2厅1厨2卫,74.08㎡,南,无,"单价75594元/平,2018-12-04成交",,高楼层(共6层),https://sh.lianjia.com/chengjiao/107100743059.html
610,浦东,花木,2018-04-03,635,610,175,1,0,32,5264,2室2厅1厨1卫,77.64㎡,南,无,"单价78568元/平,2018-09-25成交",,低楼层(共6层),https://sh.lianjia.com/chengjiao/107100168129.html
